date,location,name,state,final,final_at,hours,of,high_f,high_exact,low_f,low_exact,gust_mph,gust_exact,wind_mph,wind_exact,precip_in,precip_exact,precip_hours,precip_resolved,precip_resolved_at
2026-09-24,new-york-ny,New York,NY,true,,24,24,67,67.298,56,55.652,27,27.156,16,15.766,0.0,0.0,24,true,2026-09-29T20:09:38Z
2026-09-24,los-angeles-ca,Los Angeles,CA,true,,24,24,82,82.292,67,66.92,19,18.835,4,4.32,0.0,0.0,24,true,2026-09-29T20:09:38Z
2026-09-24,chicago-il,Chicago,IL,true,,24,24,66,66.29,60,60.386,17,17.179,7,7.421,0.0,0.0,24,true,2026-09-29T20:09:38Z
2026-09-24,dallas-tx,Dallas,TX,true,,24,24,95,94.604,78,77.576,20,20.311,8,7.514,0.0,0.0,24,true,2026-09-29T20:09:38Z
2026-09-24,houston-tx,Houston,TX,true,,24,24,94,93.938,79,79.214,13,13.421,5,4.602,0.0,0.0,24,true,2026-09-29T20:09:38Z
2026-09-24,miami-fl,Miami,FL,true,,24,24,90,89.888,76,75.614,12,11.788,5,4.781,0.0,0.0012,24,true,2026-09-29T20:09:38Z
2026-09-24,washington-dc,Washington,DC,true,,24,24,66,65.786,51,51.278,21,21.496,8,7.516,0.0,0.0,24,true,2026-09-29T20:09:38Z
2026-09-24,atlanta-ga,Atlanta,GA,true,,24,24,70,69.872,63,62.582,23,23.264,8,7.863,0.0,0.0,24,true,2026-09-29T20:09:38Z
2026-09-24,philadelphia-pa,Philadelphia,PA,true,,24,24,65,65.318,53,52.844,24,24.472,9,8.542,0.0,0.0,24,true,2026-09-29T20:09:38Z
2026-09-24,phoenix-az,Phoenix,AZ,true,,24,24,86,86.486,76,76.226,18,18.096,6,5.732,0.05,0.0455,24,true,2026-09-29T20:09:38Z
2026-09-24,boston-ma,Boston,MA,true,,24,24,64,64.238,48,48.38,23,23.308,8,7.832,0.0,0.0,24,true,2026-09-29T20:09:38Z
2026-09-24,riverside-ca,Riverside,CA,true,,24,24,89,89.438,65,65.174,20,19.931,4,3.888,0.0,0.0,24,true,2026-09-29T20:09:38Z
2026-09-24,san-francisco-ca,San Francisco,CA,true,,24,24,75,75.128,59,58.55,24,24.114,7,7.104,0.0,0.0,24,true,2026-09-29T20:09:38Z
2026-09-24,detroit-mi,Detroit,MI,true,,24,24,68,68.396,53,53.474,22,22.391,8,8.373,0.0,0.0,24,true,2026-09-29T20:09:38Z
2026-09-24,seattle-wa,Seattle,WA,true,,24,24,59,59.072,52,52.088,15,14.719,5,5.032,0.25,0.2485,24,true,2026-09-29T20:09:38Z
2026-09-24,minneapolis-mn,Minneapolis,MN,true,,24,24,69,68.576,55,55.13,23,22.861,8,7.901,0.04,0.0381,24,true,2026-09-29T20:09:38Z
2026-09-24,tampa-fl,Tampa,FL,true,,24,24,84,83.948,75,74.966,23,22.615,7,7.166,0.0,0.0,24,true,2026-09-29T20:09:38Z
2026-09-24,san-diego-ca,San Diego,CA,true,,24,24,78,77.738,68,68.342,17,16.821,4,4.28,0.0,0.0,24,true,2026-09-29T20:09:38Z
2026-09-24,denver-co,Denver,CO,true,,24,24,73,72.518,59,59.162,19,18.588,4,3.863,0.0,0.0,24,true,2026-09-29T20:09:38Z
2026-09-24,orlando-fl,Orlando,FL,true,,24,24,83,83.12,74,73.868,23,23.219,10,10.072,0.03,0.0307,24,true,2026-09-29T20:09:38Z
2026-09-24,charlotte-nc,Charlotte,NC,true,,24,24,61,61.07,57,56.984,27,26.731,10,9.567,0.18,0.1827,24,true,2026-09-29T20:09:38Z
2026-09-24,baltimore-md,Baltimore,MD,true,,24,24,68,67.514,51,51.044,23,22.66,7,7.2,0.0,0.0,24,true,2026-09-29T20:09:38Z
2026-09-24,st-louis-mo,St. Louis,MO,true,,24,24,71,70.502,62,62.186,10,10.222,4,3.62,0.0,0.0,24,true,2026-09-29T20:09:38Z
2026-09-24,san-antonio-tx,San Antonio,TX,true,,24,24,95,95.036,77,76.712,22,21.81,6,6.125,0.0,0.0,24,true,2026-09-29T20:09:38Z
2026-09-24,austin-tx,Austin,TX,true,,24,24,96,96.242,75,74.858,18,17.582,3,3.32,0.0,0.0,24,true,2026-09-29T20:09:38Z
2026-09-24,portland-or,Portland,OR,true,,24,24,72,72.14,50,50.414,21,20.691,3,2.997,0.39,0.3893,24,true,2026-09-29T20:09:38Z
2026-09-24,sacramento-ca,Sacramento,CA,true,,24,24,94,93.686,59,58.802,19,18.969,3,3.264,0.0,0.0,24,true,2026-09-29T20:09:38Z
2026-09-24,pittsburgh-pa,Pittsburgh,PA,true,,24,24,69,69.098,50,49.694,18,17.873,7,6.709,0.0,0.0,24,true,2026-09-29T20:09:38Z
2026-09-24,las-vegas-nv,Las Vegas,NV,true,,24,24,95,95.306,70,70.268,23,22.95,5,4.93,0.0,0.0,24,true,2026-09-29T20:09:38Z
2026-09-24,cincinnati-oh,Cincinnati,OH,true,,24,24,68,68.0,58,57.92,16,16.217,5,5.017,0.0,0.0,24,true,2026-09-29T20:09:38Z
2026-09-24,kansas-city-mo,Kansas City,MO,true,,24,24,75,74.84,58,57.776,22,21.989,6,6.004,0.0,0.0,24,true,2026-09-29T20:09:38Z
2026-09-24,columbus-oh,Columbus,OH,true,,24,24,70,69.818,56,55.85,20,20.289,7,6.745,0.09,0.0947,24,true,2026-09-29T20:09:38Z
2026-09-24,indianapolis-in,Indianapolis,IN,true,,24,24,66,66.254,60,59.648,18,18.454,5,4.812,0.0,0.0,24,true,2026-09-29T20:09:38Z
2026-09-24,cleveland-oh,Cleveland,OH,true,,24,24,70,69.53,53,53.456,21,20.669,8,8.077,0.0,0.0,24,true,2026-09-29T20:09:38Z
2026-09-24,nashville-tn,Nashville,TN,true,,24,24,81,80.636,66,66.182,20,19.998,7,6.757,0.0,0.0,24,true,2026-09-29T20:09:38Z
2026-09-24,san-jose-ca,San Jose,CA,true,,24,24,90,89.582,56,55.922,23,22.995,4,4.342,0.0,0.0,24,true,2026-09-29T20:09:38Z
2026-09-24,norfolk-va,Norfolk,VA,true,,24,24,67,67.1,64,63.878,33,32.547,16,16.422,0.13,0.1328,24,true,2026-09-29T20:09:38Z
2026-09-24,jacksonville-fl,Jacksonville,FL,true,,24,24,78,78.44,69,69.386,24,23.711,14,13.599,0.0,0.0,24,true,2026-09-29T20:09:38Z
2026-09-24,providence-ri,Providence,RI,true,,24,24,64,64.022,48,47.66,24,24.36,8,8.393,0.0,0.0,24,true,2026-09-29T20:09:38Z
2026-09-24,milwaukee-wi,Milwaukee,WI,true,,24,24,64,64.184,58,57.866,21,20.624,6,5.565,0.0,0.0,24,true,2026-09-29T20:09:38Z
2026-09-24,raleigh-nc,Raleigh,NC,true,,24,24,64,63.608,59,59.162,23,23.241,10,9.892,0.03,0.0252,24,true,2026-09-29T20:09:38Z
2026-09-24,oklahoma-city-ok,Oklahoma City,OK,true,,24,24,92,92.264,71,70.718,20,19.55,8,7.895,0.0,0.0,24,true,2026-09-29T20:09:38Z
2026-09-24,louisville-ky,Louisville,KY,true,,24,24,70,70.178,63,63.302,13,13.309,5,5.343,0.0,0.0,24,true,2026-09-29T20:09:38Z
2026-09-24,richmond-va,Richmond,VA,true,,24,24,64,63.986,56,56.084,25,25.076,9,9.491,0.0,0.0,24,true,2026-09-29T20:09:38Z
2026-09-24,memphis-tn,Memphis,TN,true,,24,24,76,76.1,63,63.302,18,17.806,5,5.302,0.0,0.0,24,true,2026-09-29T20:09:38Z
2026-09-24,salt-lake-city-ut,Salt Lake City,UT,true,,24,24,80,80.474,54,53.978,13,13.242,3,3.091,0.0,0.0,24,true,2026-09-29T20:09:38Z
2026-09-24,birmingham-al,Birmingham,AL,true,,24,24,78,77.738,67,66.578,16,16.128,4,4.17,0.01,0.0086,24,true,2026-09-29T20:09:38Z
2026-09-24,fresno-ca,Fresno,CA,true,,24,24,99,98.708,66,66.128,14,14.405,3,2.88,0.0,0.0,24,true,2026-09-29T20:09:38Z
2026-09-24,grand-rapids-mi,Grand Rapids,MI,true,,24,24,72,71.834,50,50.36,24,24.337,7,6.673,0.0,0.0,24,true,2026-09-29T20:09:38Z
2026-09-24,hartford-ct,Hartford,CT,true,,24,24,69,69.116,46,46.04,24,23.801,10,9.611,0.0,0.0,24,true,2026-09-29T20:09:38Z
2026-09-24,omaha-ne,Omaha,NE,true,,24,24,65,65.264,60,60.224,16,16.441,5,5.036,0.23,0.2251,24,true,2026-09-29T20:09:38Z
2026-09-24,new-orleans-la,New Orleans,LA,true,,24,24,90,89.564,77,76.874,20,19.64,5,5.375,0.0,0.0,24,true,2026-09-29T20:09:38Z
2026-09-24,albuquerque-nm,Albuquerque,NM,true,,24,24,76,76.082,58,57.686,16,15.524,4,4.016,0.01,0.0135,24,true,2026-09-29T20:09:38Z
2026-09-24,charleston-sc,Charleston,SC,true,,24,24,70,70.106,63,63.32,25,24.874,13,13.031,0.03,0.0326,24,true,2026-09-29T20:09:38Z
2026-09-24,boise-id,Boise,ID,true,,24,24,93,92.822,58,57.794,24,24.181,5,4.807,0.0,0.0,24,true,2026-09-29T20:09:38Z
2026-09-24,little-rock-ar,Little Rock,AR,true,,24,24,79,79.034,60,60.386,18,18.275,6,5.863,0.0,0.0,24,true,2026-09-29T20:09:38Z
2026-09-24,des-moines-ia,Des Moines,IA,true,,24,24,68,68.414,56,56.336,12,12.37,5,4.504,0.08,0.083,24,true,2026-09-29T20:09:38Z
2026-09-24,wichita-ks,Wichita,KS,true,,24,24,85,84.65,63,62.78,25,24.628,8,8.251,0.21,0.2134,24,true,2026-09-29T20:09:38Z
2026-09-24,jackson-ms,Jackson,MS,true,,24,24,85,84.938,65,65.264,20,20.02,5,5.262,0.0,0.0,24,true,2026-09-29T20:09:38Z
2026-09-24,portland-me,Portland,ME,true,,24,24,61,61.106,47,46.904,17,17.09,5,4.673,0.0,0.0,24,true,2026-09-29T20:09:38Z
2026-09-24,manchester-nh,Manchester,NH,true,,24,24,69,68.558,42,41.504,18,18.231,4,3.93,0.0,0.0,24,true,2026-09-29T20:09:38Z
2026-09-24,huntington-wv,Huntington,WV,true,,24,24,66,66.434,56,55.832,15,15.278,5,5.491,0.0,0.0,24,true,2026-09-29T20:09:38Z
2026-09-24,sioux-falls-sd,Sioux Falls,SD,true,,24,24,62,61.916,58,57.83,23,22.593,11,10.826,0.49,0.4896,24,true,2026-09-29T20:09:38Z
2026-09-24,fargo-nd,Fargo,ND,true,,24,24,66,65.588,58,57.596,34,33.911,11,10.98,0.47,0.4687,24,true,2026-09-29T20:09:38Z
2026-09-24,burlington-vt,Burlington,VT,true,,24,24,67,67.442,40,39.758,13,12.75,5,4.606,0.0,0.0,24,true,2026-09-29T20:09:38Z
2026-09-24,billings-mt,Billings,MT,true,,24,24,82,82.418,52,51.62,12,12.168,6,5.991,0.0,0.0,24,true,2026-09-29T20:09:38Z
2026-09-24,cheyenne-wy,Cheyenne,WY,true,,24,24,69,68.954,51,50.702,21,21.25,7,6.882,0.01,0.011,24,true,2026-09-29T20:09:38Z
