date,location,local_hour,valid_utc,temp_k,wind_ms,gust_ms,precip_mm,precip_file_utc,analysis_source,precip_source
2026-09-29,new-york-ny,00,2026-09-29T04:00:00Z,290.4,2.01,2.01,0.0,2026-09-29T05:00:00Z,nodd,nodd
2026-09-29,new-york-ny,01,2026-09-29T05:00:00Z,290.29,2.69,2.69,0.0,2026-09-29T06:00:00Z,nodd,nodd
2026-09-29,new-york-ny,02,2026-09-29T06:00:00Z,290.38,2.58,3.15,0.0,2026-09-29T07:00:00Z,nodd,nodd
2026-09-29,new-york-ny,03,2026-09-29T07:00:00Z,290.37,1.99,2.63,0.0,2026-09-29T08:00:00Z,nodd,nodd
2026-09-29,new-york-ny,04,2026-09-29T08:00:00Z,290.35,1.68,2.87,0.0,2026-09-29T09:00:00Z,nodd,nodd
2026-09-29,new-york-ny,05,2026-09-29T09:00:00Z,290.46,2.33,2.56,0.0,2026-09-29T10:00:00Z,nodd,nodd
2026-09-29,new-york-ny,06,2026-09-29T10:00:00Z,290.67,2.93,2.93,0.0,2026-09-29T11:00:00Z,nodd,nodd
2026-09-29,new-york-ny,07,2026-09-29T11:00:00Z,290.7,2.15,2.58,0.0,2026-09-29T12:00:00Z,nodd,nodd
2026-09-29,new-york-ny,08,2026-09-29T12:00:00Z,290.74,2.92,2.92,0.0,2026-09-29T13:00:00Z,nodd,nodd
2026-09-29,new-york-ny,09,2026-09-29T13:00:00Z,291.07,2.74,5.04,0.0,2026-09-29T14:00:00Z,nodd,nodd
2026-09-29,new-york-ny,10,2026-09-29T14:00:00Z,291.96,3.44,4.93,0.0,2026-09-29T15:00:00Z,nodd,nodd
2026-09-29,new-york-ny,11,2026-09-29T15:00:00Z,293.44,3.64,4.02,0.0,2026-09-29T16:00:00Z,nodd,nodd
2026-09-29,new-york-ny,12,2026-09-29T16:00:00Z,294.04,2.42,3.68,0.0,2026-09-29T17:00:00Z,nodd,nodd
2026-09-29,new-york-ny,13,2026-09-29T17:00:00Z,294.26,2.19,3.86,0.0,2026-09-29T18:00:00Z,nodd,nodd
2026-09-29,new-york-ny,14,2026-09-29T18:00:00Z,293.96,2.32,3.38,0.0,2026-09-29T19:00:00Z,nodd,nodd
2026-09-29,new-york-ny,15,2026-09-29T19:00:00Z,294.29,3.1,6.95,,2026-09-29T20:00:00Z,nodd,
2026-09-29,los-angeles-ca,00,2026-09-29T07:00:00Z,291.56,0.0,0.62,0.0,2026-09-29T08:00:00Z,nodd,nodd
2026-09-29,los-angeles-ca,01,2026-09-29T08:00:00Z,291.67,1.18,2.0,0.0,2026-09-29T09:00:00Z,nodd,nodd
2026-09-29,los-angeles-ca,02,2026-09-29T09:00:00Z,291.16,0.36,1.54,0.0,2026-09-29T10:00:00Z,nodd,nodd
2026-09-29,los-angeles-ca,03,2026-09-29T10:00:00Z,291.34,1.17,1.88,0.0,2026-09-29T11:00:00Z,nodd,nodd
2026-09-29,los-angeles-ca,04,2026-09-29T11:00:00Z,290.98,0.58,2.58,0.0,2026-09-29T12:00:00Z,nodd,nodd
2026-09-29,los-angeles-ca,05,2026-09-29T12:00:00Z,290.64,0.66,1.82,0.0,2026-09-29T13:00:00Z,nodd,nodd
2026-09-29,los-angeles-ca,06,2026-09-29T13:00:00Z,290.05,0.74,2.2,0.0,2026-09-29T14:00:00Z,nodd,nodd
2026-09-29,los-angeles-ca,07,2026-09-29T14:00:00Z,290.03,0.55,2.37,0.0,2026-09-29T15:00:00Z,nodd,nodd
2026-09-29,los-angeles-ca,08,2026-09-29T15:00:00Z,291.64,1.86,2.06,0.0,2026-09-29T16:00:00Z,nodd,nodd
2026-09-29,los-angeles-ca,09,2026-09-29T16:00:00Z,292.69,0.0,2.12,0.0,2026-09-29T17:00:00Z,nodd,nodd
2026-09-29,los-angeles-ca,10,2026-09-29T17:00:00Z,295.03,1.19,4.01,0.0,2026-09-29T18:00:00Z,nodd,nodd
2026-09-29,los-angeles-ca,11,2026-09-29T18:00:00Z,297.63,3.02,6.48,0.0,2026-09-29T19:00:00Z,nodd,nodd
2026-09-29,los-angeles-ca,12,2026-09-29T19:00:00Z,299.63,3.5,4.93,,2026-09-29T20:00:00Z,nodd,
2026-09-29,chicago-il,00,2026-09-29T05:00:00Z,288.44,0.69,1.98,0.0,2026-09-29T06:00:00Z,nodd,nodd
2026-09-29,chicago-il,01,2026-09-29T06:00:00Z,287.99,1.04,1.04,0.0,2026-09-29T07:00:00Z,nodd,nodd
2026-09-29,chicago-il,02,2026-09-29T07:00:00Z,287.44,0.61,0.69,0.0,2026-09-29T08:00:00Z,nodd,nodd
2026-09-29,chicago-il,03,2026-09-29T08:00:00Z,287.09,1.02,1.88,0.0,2026-09-29T09:00:00Z,nodd,nodd
2026-09-29,chicago-il,04,2026-09-29T09:00:00Z,286.09,1.32,2.25,0.0,2026-09-29T10:00:00Z,nodd,nodd
2026-09-29,chicago-il,05,2026-09-29T10:00:00Z,286.24,0.22,2.51,0.0,2026-09-29T11:00:00Z,nodd,nodd
2026-09-29,chicago-il,06,2026-09-29T11:00:00Z,285.92,0.06,0.63,0.0,2026-09-29T12:00:00Z,nodd,nodd
2026-09-29,chicago-il,07,2026-09-29T12:00:00Z,285.71,0.0,0.65,0.0,2026-09-29T13:00:00Z,nodd,nodd
2026-09-29,chicago-il,08,2026-09-29T13:00:00Z,287.58,0.91,1.53,0.0,2026-09-29T14:00:00Z,nodd,nodd
2026-09-29,chicago-il,09,2026-09-29T14:00:00Z,290.05,1.3,1.3,0.0,2026-09-29T15:00:00Z,nodd,nodd
2026-09-29,chicago-il,10,2026-09-29T15:00:00Z,291.93,1.56,3.07,0.0,2026-09-29T16:00:00Z,nodd,nodd
2026-09-29,chicago-il,11,2026-09-29T16:00:00Z,293.87,1.32,3.3,0.0,2026-09-29T17:00:00Z,nodd,nodd
2026-09-29,chicago-il,12,2026-09-29T17:00:00Z,295.74,2.42,3.98,0.0,2026-09-29T18:00:00Z,nodd,nodd
2026-09-29,chicago-il,13,2026-09-29T18:00:00Z,296.3,2.59,3.71,0.0,2026-09-29T19:00:00Z,nodd,nodd
2026-09-29,chicago-il,14,2026-09-29T19:00:00Z,296.99,2.52,6.22,,2026-09-29T20:00:00Z,nodd,
2026-09-29,dallas-tx,00,2026-09-29T05:00:00Z,301.59,3.52,5.68,0.0,2026-09-29T06:00:00Z,nodd,nodd
2026-09-29,dallas-tx,01,2026-09-29T06:00:00Z,300.97,3.68,8.82,0.0,2026-09-29T07:00:00Z,nodd,nodd
2026-09-29,dallas-tx,02,2026-09-29T07:00:00Z,300.77,4.01,6.88,0.0,2026-09-29T08:00:00Z,nodd,nodd
2026-09-29,dallas-tx,03,2026-09-29T08:00:00Z,300.14,2.69,6.21,0.0,2026-09-29T09:00:00Z,nodd,nodd
2026-09-29,dallas-tx,04,2026-09-29T09:00:00Z,299.49,2.2,5.74,0.0,2026-09-29T10:00:00Z,nodd,nodd
2026-09-29,dallas-tx,05,2026-09-29T10:00:00Z,298.74,2.04,4.98,0.0,2026-09-29T11:00:00Z,nodd,nodd
2026-09-29,dallas-tx,06,2026-09-29T11:00:00Z,298.31,2.89,4.41,0.0,2026-09-29T12:00:00Z,nodd,nodd
2026-09-29,dallas-tx,07,2026-09-29T12:00:00Z,297.81,2.65,2.88,0.0,2026-09-29T13:00:00Z,nodd,nodd
2026-09-29,dallas-tx,08,2026-09-29T13:00:00Z,297.76,2.99,4.24,0.0,2026-09-29T14:00:00Z,nodd,nodd
2026-09-29,dallas-tx,09,2026-09-29T14:00:00Z,299.14,3.48,6.12,0.0,2026-09-29T15:00:00Z,nodd,nodd
2026-09-29,dallas-tx,10,2026-09-29T15:00:00Z,301.07,4.47,8.63,0.0,2026-09-29T16:00:00Z,nodd,nodd
2026-09-29,dallas-tx,11,2026-09-29T16:00:00Z,303.25,4.64,9.54,0.0,2026-09-29T17:00:00Z,nodd,nodd
2026-09-29,dallas-tx,12,2026-09-29T17:00:00Z,305.0,4.65,8.31,0.0,2026-09-29T18:00:00Z,nodd,nodd
2026-09-29,dallas-tx,13,2026-09-29T18:00:00Z,306.54,5.0,8.52,0.0,2026-09-29T19:00:00Z,nodd,nodd
2026-09-29,dallas-tx,14,2026-09-29T19:00:00Z,307.32,3.81,8.19,,2026-09-29T20:00:00Z,nodd,
2026-09-29,houston-tx,00,2026-09-29T05:00:00Z,299.7,1.87,3.67,0.0,2026-09-29T06:00:00Z,nodd,nodd
2026-09-29,houston-tx,01,2026-09-29T06:00:00Z,299.31,2.19,4.19,0.0,2026-09-29T07:00:00Z,nodd,nodd
2026-09-29,houston-tx,02,2026-09-29T07:00:00Z,298.86,0.29,2.66,0.0,2026-09-29T08:00:00Z,nodd,nodd
2026-09-29,houston-tx,03,2026-09-29T08:00:00Z,298.86,0.49,3.57,0.0,2026-09-29T09:00:00Z,nodd,nodd
2026-09-29,houston-tx,04,2026-09-29T09:00:00Z,298.59,1.26,1.88,0.0,2026-09-29T10:00:00Z,nodd,nodd
2026-09-29,houston-tx,05,2026-09-29T10:00:00Z,298.13,1.11,2.72,0.0,2026-09-29T11:00:00Z,nodd,nodd
2026-09-29,houston-tx,06,2026-09-29T11:00:00Z,298.0,2.23,5.32,0.0,2026-09-29T12:00:00Z,nodd,nodd
2026-09-29,houston-tx,07,2026-09-29T12:00:00Z,298.07,1.53,3.04,0.0,2026-09-29T13:00:00Z,nodd,nodd
2026-09-29,houston-tx,08,2026-09-29T13:00:00Z,298.42,1.8,4.22,0.0,2026-09-29T14:00:00Z,nodd,nodd
2026-09-29,houston-tx,09,2026-09-29T14:00:00Z,300.38,2.26,5.22,0.0,2026-09-29T15:00:00Z,nodd,nodd
2026-09-29,houston-tx,10,2026-09-29T15:00:00Z,302.58,3.17,5.13,0.0,2026-09-29T16:00:00Z,nodd,nodd
2026-09-29,houston-tx,11,2026-09-29T16:00:00Z,303.07,2.55,5.33,0.0,2026-09-29T17:00:00Z,nodd,nodd
2026-09-29,houston-tx,12,2026-09-29T17:00:00Z,304.48,2.84,4.35,0.0,2026-09-29T18:00:00Z,nodd,nodd
2026-09-29,houston-tx,13,2026-09-29T18:00:00Z,304.42,3.33,6.56,0.0,2026-09-29T19:00:00Z,nodd,nodd
2026-09-29,houston-tx,14,2026-09-29T19:00:00Z,304.02,3.96,7.76,,2026-09-29T20:00:00Z,nodd,
2026-09-29,miami-fl,00,2026-09-29T04:00:00Z,299.07,1.64,2.36,0.0,2026-09-29T05:00:00Z,nodd,nodd
2026-09-29,miami-fl,01,2026-09-29T05:00:00Z,298.69,1.46,2.83,0.0,2026-09-29T06:00:00Z,nodd,nodd
2026-09-29,miami-fl,02,2026-09-29T06:00:00Z,298.43,0.8,2.98,0.0,2026-09-29T07:00:00Z,nodd,nodd
2026-09-29,miami-fl,03,2026-09-29T07:00:00Z,298.43,1.48,2.21,0.0,2026-09-29T08:00:00Z,nodd,nodd
2026-09-29,miami-fl,04,2026-09-29T08:00:00Z,298.2,0.92,1.5,0.0,2026-09-29T09:00:00Z,nodd,nodd
2026-09-29,miami-fl,05,2026-09-29T09:00:00Z,298.33,1.64,1.64,0.0,2026-09-29T10:00:00Z,nodd,nodd
2026-09-29,miami-fl,06,2026-09-29T10:00:00Z,298.39,1.47,1.5,0.0,2026-09-29T11:00:00Z,nodd,nodd
2026-09-29,miami-fl,07,2026-09-29T11:00:00Z,298.12,2.2,3.59,0.0,2026-09-29T12:00:00Z,nodd,nodd
2026-09-29,miami-fl,08,2026-09-29T12:00:00Z,298.07,2.11,2.26,0.0,2026-09-29T13:00:00Z,nodd,nodd
2026-09-29,miami-fl,09,2026-09-29T13:00:00Z,299.18,1.02,2.82,0.03125,2026-09-29T14:00:00Z,nodd,nodd
2026-09-29,miami-fl,10,2026-09-29T14:00:00Z,300.23,0.76,2.19,33.6875,2026-09-29T15:00:00Z,nodd,nodd
2026-09-29,miami-fl,11,2026-09-29T15:00:00Z,296.19,5.1,8.27,0.75,2026-09-29T16:00:00Z,nodd,nodd
2026-09-29,miami-fl,12,2026-09-29T16:00:00Z,297.04,2.12,3.02,0.0,2026-09-29T17:00:00Z,nodd,nodd
2026-09-29,miami-fl,13,2026-09-29T17:00:00Z,299.62,1.22,1.55,0.0,2026-09-29T18:00:00Z,nodd,nodd
2026-09-29,miami-fl,14,2026-09-29T18:00:00Z,299.76,2.31,2.77,0.15625,2026-09-29T19:00:00Z,nodd,nodd
2026-09-29,miami-fl,15,2026-09-29T19:00:00Z,299.41,0.77,2.47,,2026-09-29T20:00:00Z,nodd,
2026-09-29,washington-dc,00,2026-09-29T04:00:00Z,291.69,2.29,4.61,0.0,2026-09-29T05:00:00Z,nodd,nodd
2026-09-29,washington-dc,01,2026-09-29T05:00:00Z,291.52,0.73,2.67,0.0,2026-09-29T06:00:00Z,nodd,nodd
2026-09-29,washington-dc,02,2026-09-29T06:00:00Z,291.27,0.12,2.58,0.0,2026-09-29T07:00:00Z,nodd,nodd
2026-09-29,washington-dc,03,2026-09-29T07:00:00Z,290.95,0.43,2.68,0.0,2026-09-29T08:00:00Z,nodd,nodd
2026-09-29,washington-dc,04,2026-09-29T08:00:00Z,291.1,0.97,3.21,0.0,2026-09-29T09:00:00Z,nodd,nodd
2026-09-29,washington-dc,05,2026-09-29T09:00:00Z,290.97,0.18,2.85,0.0,2026-09-29T10:00:00Z,nodd,nodd
2026-09-29,washington-dc,06,2026-09-29T10:00:00Z,290.87,0.88,1.39,0.0,2026-09-29T11:00:00Z,nodd,nodd
2026-09-29,washington-dc,07,2026-09-29T11:00:00Z,290.55,0.45,0.97,0.0,2026-09-29T12:00:00Z,nodd,nodd
2026-09-29,washington-dc,08,2026-09-29T12:00:00Z,290.98,0.4,1.14,0.0,2026-09-29T13:00:00Z,nodd,nodd
2026-09-29,washington-dc,09,2026-09-29T13:00:00Z,292.14,1.67,3.63,0.0,2026-09-29T14:00:00Z,nodd,nodd
2026-09-29,washington-dc,10,2026-09-29T14:00:00Z,293.66,2.31,3.39,0.0,2026-09-29T15:00:00Z,nodd,nodd
2026-09-29,washington-dc,11,2026-09-29T15:00:00Z,294.91,2.54,2.93,0.0,2026-09-29T16:00:00Z,nodd,nodd
2026-09-29,washington-dc,12,2026-09-29T16:00:00Z,295.81,2.33,3.22,0.0,2026-09-29T17:00:00Z,nodd,nodd
2026-09-29,washington-dc,13,2026-09-29T17:00:00Z,295.86,1.86,3.53,0.0,2026-09-29T18:00:00Z,nodd,nodd
2026-09-29,washington-dc,14,2026-09-29T18:00:00Z,296.35,2.42,3.1,0.0,2026-09-29T19:00:00Z,nodd,nodd
2026-09-29,washington-dc,15,2026-09-29T19:00:00Z,296.39,0.9,1.05,,2026-09-29T20:00:00Z,nodd,
2026-09-29,atlanta-ga,00,2026-09-29T04:00:00Z,290.17,0.54,2.46,0.0,2026-09-29T05:00:00Z,nodd,nodd
2026-09-29,atlanta-ga,01,2026-09-29T05:00:00Z,289.46,0.0,1.45,0.0,2026-09-29T06:00:00Z,nodd,nodd
2026-09-29,atlanta-ga,02,2026-09-29T06:00:00Z,288.93,1.09,3.45,0.0,2026-09-29T07:00:00Z,nodd,nodd
2026-09-29,atlanta-ga,03,2026-09-29T07:00:00Z,288.3,1.84,2.76,0.0,2026-09-29T08:00:00Z,nodd,nodd
2026-09-29,atlanta-ga,04,2026-09-29T08:00:00Z,288.04,0.87,1.34,0.0,2026-09-29T09:00:00Z,nodd,nodd
2026-09-29,atlanta-ga,05,2026-09-29T09:00:00Z,287.92,0.79,1.02,0.0,2026-09-29T10:00:00Z,nodd,nodd
2026-09-29,atlanta-ga,06,2026-09-29T10:00:00Z,287.77,0.78,1.25,0.0,2026-09-29T11:00:00Z,nodd,nodd
2026-09-29,atlanta-ga,07,2026-09-29T11:00:00Z,287.82,1.39,4.42,0.0,2026-09-29T12:00:00Z,nodd,nodd
2026-09-29,atlanta-ga,08,2026-09-29T12:00:00Z,287.46,0.72,1.09,0.0,2026-09-29T13:00:00Z,nodd,nodd
2026-09-29,atlanta-ga,09,2026-09-29T13:00:00Z,290.6,0.97,3.4,0.0,2026-09-29T14:00:00Z,nodd,nodd
2026-09-29,atlanta-ga,10,2026-09-29T14:00:00Z,294.37,2.71,3.16,0.0,2026-09-29T15:00:00Z,nodd,nodd
2026-09-29,atlanta-ga,11,2026-09-29T15:00:00Z,296.97,2.01,3.58,0.0,2026-09-29T16:00:00Z,nodd,nodd
2026-09-29,atlanta-ga,12,2026-09-29T16:00:00Z,298.97,3.31,3.6,0.0,2026-09-29T17:00:00Z,nodd,nodd
2026-09-29,atlanta-ga,13,2026-09-29T17:00:00Z,300.25,1.16,1.46,0.0,2026-09-29T18:00:00Z,nodd,nodd
2026-09-29,atlanta-ga,14,2026-09-29T18:00:00Z,301.12,2.39,2.45,0.0,2026-09-29T19:00:00Z,nodd,nodd
2026-09-29,atlanta-ga,15,2026-09-29T19:00:00Z,301.72,1.9,2.43,,2026-09-29T20:00:00Z,nodd,
2026-09-29,philadelphia-pa,00,2026-09-29T04:00:00Z,290.22,0.79,3.1,0.0,2026-09-29T05:00:00Z,nodd,nodd
2026-09-29,philadelphia-pa,01,2026-09-29T05:00:00Z,289.96,0.66,2.3,0.0,2026-09-29T06:00:00Z,nodd,nodd
2026-09-29,philadelphia-pa,02,2026-09-29T06:00:00Z,289.26,0.0,0.69,0.0,2026-09-29T07:00:00Z,nodd,nodd
2026-09-29,philadelphia-pa,03,2026-09-29T07:00:00Z,289.08,0.71,2.16,0.0,2026-09-29T08:00:00Z,nodd,nodd
2026-09-29,philadelphia-pa,04,2026-09-29T08:00:00Z,289.17,0.35,3.52,0.0,2026-09-29T09:00:00Z,nodd,nodd
2026-09-29,philadelphia-pa,05,2026-09-29T09:00:00Z,289.35,1.09,2.63,0.0,2026-09-29T10:00:00Z,nodd,nodd
2026-09-29,philadelphia-pa,06,2026-09-29T10:00:00Z,289.38,1.13,1.66,0.0,2026-09-29T11:00:00Z,nodd,nodd
2026-09-29,philadelphia-pa,07,2026-09-29T11:00:00Z,288.81,0.69,1.58,0.0,2026-09-29T12:00:00Z,nodd,nodd
2026-09-29,philadelphia-pa,08,2026-09-29T12:00:00Z,289.76,1.38,2.0,0.0,2026-09-29T13:00:00Z,nodd,nodd
2026-09-29,philadelphia-pa,09,2026-09-29T13:00:00Z,291.51,2.24,4.01,0.0,2026-09-29T14:00:00Z,nodd,nodd
2026-09-29,philadelphia-pa,10,2026-09-29T14:00:00Z,292.85,2.3,5.96,0.0,2026-09-29T15:00:00Z,nodd,nodd
2026-09-29,philadelphia-pa,11,2026-09-29T15:00:00Z,293.94,2.57,5.12,0.0,2026-09-29T16:00:00Z,nodd,nodd
2026-09-29,philadelphia-pa,12,2026-09-29T16:00:00Z,294.21,2.03,3.75,0.0,2026-09-29T17:00:00Z,nodd,nodd
2026-09-29,philadelphia-pa,13,2026-09-29T17:00:00Z,294.57,2.41,4.21,0.0,2026-09-29T18:00:00Z,nodd,nodd
2026-09-29,philadelphia-pa,14,2026-09-29T18:00:00Z,295.0,2.92,4.4,0.0,2026-09-29T19:00:00Z,nodd,nodd
2026-09-29,philadelphia-pa,15,2026-09-29T19:00:00Z,294.71,2.35,3.03,,2026-09-29T20:00:00Z,nodd,
2026-09-29,phoenix-az,00,2026-09-29T07:00:00Z,294.53,0.0,1.57,0.0,2026-09-29T08:00:00Z,nodd,nodd
2026-09-29,phoenix-az,01,2026-09-29T08:00:00Z,294.89,0.93,2.63,0.0,2026-09-29T09:00:00Z,nodd,nodd
2026-09-29,phoenix-az,02,2026-09-29T09:00:00Z,294.73,1.96,4.26,0.0,2026-09-29T10:00:00Z,nodd,nodd
2026-09-29,phoenix-az,03,2026-09-29T10:00:00Z,294.61,2.86,3.58,0.03125,2026-09-29T11:00:00Z,nodd,nodd
2026-09-29,phoenix-az,04,2026-09-29T11:00:00Z,294.26,0.29,5.23,3.5,2026-09-29T12:00:00Z,nodd,nodd
2026-09-29,phoenix-az,05,2026-09-29T12:00:00Z,293.85,3.75,4.73,0.28125,2026-09-29T13:00:00Z,nodd,nodd
2026-09-29,phoenix-az,06,2026-09-29T13:00:00Z,293.03,1.48,3.35,0.75,2026-09-29T14:00:00Z,nodd,nodd
2026-09-29,phoenix-az,07,2026-09-29T14:00:00Z,293.13,3.25,4.66,0.4375,2026-09-29T15:00:00Z,nodd,nodd
2026-09-29,phoenix-az,08,2026-09-29T15:00:00Z,292.38,2.65,7.73,0.625,2026-09-29T16:00:00Z,nodd,nodd
2026-09-29,phoenix-az,09,2026-09-29T16:00:00Z,294.04,2.37,6.16,0.0,2026-09-29T17:00:00Z,nodd,nodd
2026-09-29,phoenix-az,10,2026-09-29T17:00:00Z,296.35,1.63,3.22,0.0,2026-09-29T18:00:00Z,nodd,nodd
2026-09-29,phoenix-az,11,2026-09-29T18:00:00Z,298.35,0.53,4.02,0.0,2026-09-29T19:00:00Z,nodd,nodd
2026-09-29,phoenix-az,12,2026-09-29T19:00:00Z,299.31,0.07,3.68,,2026-09-29T20:00:00Z,nodd,
2026-09-29,boston-ma,00,2026-09-29T04:00:00Z,286.62,2.31,5.28,0.0,2026-09-29T05:00:00Z,nodd,nodd
2026-09-29,boston-ma,01,2026-09-29T05:00:00Z,286.28,2.95,5.32,0.0,2026-09-29T06:00:00Z,nodd,nodd
2026-09-29,boston-ma,02,2026-09-29T06:00:00Z,286.16,3.15,7.04,0.0,2026-09-29T07:00:00Z,nodd,nodd
2026-09-29,boston-ma,03,2026-09-29T07:00:00Z,286.11,2.45,5.97,0.0,2026-09-29T08:00:00Z,nodd,nodd
2026-09-29,boston-ma,04,2026-09-29T08:00:00Z,286.19,2.91,7.18,0.0,2026-09-29T09:00:00Z,nodd,nodd
2026-09-29,boston-ma,05,2026-09-29T09:00:00Z,286.26,2.38,5.89,0.0,2026-09-29T10:00:00Z,nodd,nodd
2026-09-29,boston-ma,06,2026-09-29T10:00:00Z,286.32,2.28,4.91,0.0,2026-09-29T11:00:00Z,nodd,nodd
2026-09-29,boston-ma,07,2026-09-29T11:00:00Z,286.48,1.93,5.57,0.0,2026-09-29T12:00:00Z,nodd,nodd
2026-09-29,boston-ma,08,2026-09-29T12:00:00Z,287.08,2.04,5.02,0.0,2026-09-29T13:00:00Z,nodd,nodd
2026-09-29,boston-ma,09,2026-09-29T13:00:00Z,287.74,2.84,4.48,0.0,2026-09-29T14:00:00Z,nodd,nodd
2026-09-29,boston-ma,10,2026-09-29T14:00:00Z,288.58,2.83,4.93,0.0,2026-09-29T15:00:00Z,nodd,nodd
2026-09-29,boston-ma,11,2026-09-29T15:00:00Z,289.1,2.54,3.78,0.0,2026-09-29T16:00:00Z,nodd,nodd
2026-09-29,boston-ma,12,2026-09-29T16:00:00Z,289.89,2.43,4.68,0.0,2026-09-29T17:00:00Z,nodd,nodd
2026-09-29,boston-ma,13,2026-09-29T17:00:00Z,290.8,2.74,3.87,0.0,2026-09-29T18:00:00Z,nodd,nodd
2026-09-29,boston-ma,14,2026-09-29T18:00:00Z,291.16,2.31,3.78,0.0,2026-09-29T19:00:00Z,nodd,nodd
2026-09-29,boston-ma,15,2026-09-29T19:00:00Z,291.57,1.73,3.61,,2026-09-29T20:00:00Z,nodd,
2026-09-29,riverside-ca,00,2026-09-29T07:00:00Z,292.83,0.08,2.95,0.0,2026-09-29T08:00:00Z,nodd,nodd
2026-09-29,riverside-ca,01,2026-09-29T08:00:00Z,292.1,0.88,2.82,0.0,2026-09-29T09:00:00Z,nodd,nodd
2026-09-29,riverside-ca,02,2026-09-29T09:00:00Z,291.49,1.57,3.95,0.0,2026-09-29T10:00:00Z,nodd,nodd
2026-09-29,riverside-ca,03,2026-09-29T10:00:00Z,290.97,1.09,3.12,0.0,2026-09-29T11:00:00Z,nodd,nodd
2026-09-29,riverside-ca,04,2026-09-29T11:00:00Z,290.19,0.44,1.59,0.0,2026-09-29T12:00:00Z,nodd,nodd
2026-09-29,riverside-ca,05,2026-09-29T12:00:00Z,289.82,0.68,1.54,0.0,2026-09-29T13:00:00Z,nodd,nodd
2026-09-29,riverside-ca,06,2026-09-29T13:00:00Z,289.45,0.92,2.09,0.0,2026-09-29T14:00:00Z,nodd,nodd
2026-09-29,riverside-ca,07,2026-09-29T14:00:00Z,288.91,0.43,2.03,0.0,2026-09-29T15:00:00Z,nodd,nodd
2026-09-29,riverside-ca,08,2026-09-29T15:00:00Z,290.3,0.46,0.86,0.0,2026-09-29T16:00:00Z,nodd,nodd
2026-09-29,riverside-ca,09,2026-09-29T16:00:00Z,292.56,0.54,2.72,0.0,2026-09-29T17:00:00Z,nodd,nodd
2026-09-29,riverside-ca,10,2026-09-29T17:00:00Z,295.86,1.88,6.47,0.0,2026-09-29T18:00:00Z,nodd,nodd
2026-09-29,riverside-ca,11,2026-09-29T18:00:00Z,298.94,2.65,8.33,0.0,2026-09-29T19:00:00Z,nodd,nodd
2026-09-29,riverside-ca,12,2026-09-29T19:00:00Z,300.75,3.94,11.83,,2026-09-29T20:00:00Z,nodd,
2026-09-29,san-francisco-ca,00,2026-09-29T07:00:00Z,286.73,1.3,2.13,0.0,2026-09-29T08:00:00Z,nodd,nodd
2026-09-29,san-francisco-ca,01,2026-09-29T08:00:00Z,286.54,1.28,3.46,0.0,2026-09-29T09:00:00Z,nodd,nodd
2026-09-29,san-francisco-ca,02,2026-09-29T09:00:00Z,286.24,0.09,1.95,0.0,2026-09-29T10:00:00Z,nodd,nodd
2026-09-29,san-francisco-ca,03,2026-09-29T10:00:00Z,286.11,0.0,2.13,0.0,2026-09-29T11:00:00Z,nodd,nodd
2026-09-29,san-francisco-ca,04,2026-09-29T11:00:00Z,285.8,0.33,0.86,0.0,2026-09-29T12:00:00Z,nodd,nodd
2026-09-29,san-francisco-ca,05,2026-09-29T12:00:00Z,285.59,1.81,1.98,0.0,2026-09-29T13:00:00Z,nodd,nodd
2026-09-29,san-francisco-ca,06,2026-09-29T13:00:00Z,285.84,0.86,1.37,0.0,2026-09-29T14:00:00Z,nodd,nodd
2026-09-29,san-francisco-ca,07,2026-09-29T14:00:00Z,285.89,1.47,2.33,0.0,2026-09-29T15:00:00Z,nodd,nodd
2026-09-29,san-francisco-ca,08,2026-09-29T15:00:00Z,286.73,1.36,2.5,0.0,2026-09-29T16:00:00Z,nodd,nodd
2026-09-29,san-francisco-ca,09,2026-09-29T16:00:00Z,289.61,1.26,1.7,0.0,2026-09-29T17:00:00Z,nodd,nodd
2026-09-29,san-francisco-ca,10,2026-09-29T17:00:00Z,291.25,1.7,1.7,0.0,2026-09-29T18:00:00Z,nodd,nodd
2026-09-29,san-francisco-ca,11,2026-09-29T18:00:00Z,293.6,1.11,2.0,0.0,2026-09-29T19:00:00Z,nodd,nodd
2026-09-29,san-francisco-ca,12,2026-09-29T19:00:00Z,295.01,1.18,2.57,,2026-09-29T20:00:00Z,nodd,
2026-09-29,detroit-mi,00,2026-09-29T04:00:00Z,287.71,0.85,0.85,0.0,2026-09-29T05:00:00Z,nodd,nodd
2026-09-29,detroit-mi,01,2026-09-29T05:00:00Z,286.74,0.32,0.49,0.0,2026-09-29T06:00:00Z,nodd,nodd
2026-09-29,detroit-mi,02,2026-09-29T06:00:00Z,286.22,0.56,2.17,0.0,2026-09-29T07:00:00Z,nodd,nodd
2026-09-29,detroit-mi,03,2026-09-29T07:00:00Z,285.59,0.47,0.47,0.0,2026-09-29T08:00:00Z,nodd,nodd
2026-09-29,detroit-mi,04,2026-09-29T08:00:00Z,285.5,0.36,0.36,0.0,2026-09-29T09:00:00Z,nodd,nodd
2026-09-29,detroit-mi,05,2026-09-29T09:00:00Z,284.89,0.02,2.2,0.0,2026-09-29T10:00:00Z,nodd,nodd
2026-09-29,detroit-mi,06,2026-09-29T10:00:00Z,284.49,0.41,0.79,0.0,2026-09-29T11:00:00Z,nodd,nodd
2026-09-29,detroit-mi,07,2026-09-29T11:00:00Z,284.13,0.69,0.69,0.0,2026-09-29T12:00:00Z,nodd,nodd
2026-09-29,detroit-mi,08,2026-09-29T12:00:00Z,284.42,0.0,1.24,0.0,2026-09-29T13:00:00Z,nodd,nodd
2026-09-29,detroit-mi,09,2026-09-29T13:00:00Z,287.62,0.67,0.67,0.0,2026-09-29T14:00:00Z,nodd,nodd
2026-09-29,detroit-mi,10,2026-09-29T14:00:00Z,291.22,1.27,1.27,0.0,2026-09-29T15:00:00Z,nodd,nodd
2026-09-29,detroit-mi,11,2026-09-29T15:00:00Z,293.68,0.67,1.81,0.0,2026-09-29T16:00:00Z,nodd,nodd
2026-09-29,detroit-mi,12,2026-09-29T16:00:00Z,295.18,0.44,1.67,0.0,2026-09-29T17:00:00Z,nodd,nodd
2026-09-29,detroit-mi,13,2026-09-29T17:00:00Z,296.37,1.16,2.69,0.0,2026-09-29T18:00:00Z,nodd,nodd
2026-09-29,detroit-mi,14,2026-09-29T18:00:00Z,296.92,2.45,2.45,0.0,2026-09-29T19:00:00Z,nodd,nodd
2026-09-29,detroit-mi,15,2026-09-29T19:00:00Z,297.91,2.72,3.52,,2026-09-29T20:00:00Z,nodd,
2026-09-29,seattle-wa,00,2026-09-29T07:00:00Z,288.24,6.77,12.29,0.0,2026-09-29T08:00:00Z,nodd,nodd
2026-09-29,seattle-wa,01,2026-09-29T08:00:00Z,287.63,7.05,12.77,0.0,2026-09-29T09:00:00Z,nodd,nodd
2026-09-29,seattle-wa,02,2026-09-29T09:00:00Z,287.88,5.75,11.03,0.0,2026-09-29T10:00:00Z,nodd,nodd
2026-09-29,seattle-wa,03,2026-09-29T10:00:00Z,288.03,5.45,10.17,0.0,2026-09-29T11:00:00Z,nodd,nodd
2026-09-29,seattle-wa,04,2026-09-29T11:00:00Z,288.23,4.84,9.35,0.0,2026-09-29T12:00:00Z,nodd,nodd
2026-09-29,seattle-wa,05,2026-09-29T12:00:00Z,287.07,7.52,13.42,0.0,2026-09-29T13:00:00Z,nodd,nodd
2026-09-29,seattle-wa,06,2026-09-29T13:00:00Z,287.58,6.36,12.79,0.0,2026-09-29T14:00:00Z,nodd,nodd
2026-09-29,seattle-wa,07,2026-09-29T14:00:00Z,287.72,6.05,12.43,0.0,2026-09-29T15:00:00Z,nodd,nodd
2026-09-29,seattle-wa,08,2026-09-29T15:00:00Z,286.96,4.96,9.56,0.0,2026-09-29T16:00:00Z,nodd,nodd
2026-09-29,seattle-wa,09,2026-09-29T16:00:00Z,287.5,6.97,12.92,0.0,2026-09-29T17:00:00Z,nodd,nodd
2026-09-29,seattle-wa,10,2026-09-29T17:00:00Z,287.84,6.66,12.35,0.0,2026-09-29T18:00:00Z,nodd,nodd
2026-09-29,seattle-wa,11,2026-09-29T18:00:00Z,288.09,6.78,11.36,0.0,2026-09-29T19:00:00Z,nodd,nodd
2026-09-29,seattle-wa,12,2026-09-29T19:00:00Z,288.42,6.33,11.18,,2026-09-29T20:00:00Z,nodd,
2026-09-29,minneapolis-mn,00,2026-09-29T05:00:00Z,290.88,1.65,2.58,0.0,2026-09-29T06:00:00Z,nodd,nodd
2026-09-29,minneapolis-mn,01,2026-09-29T06:00:00Z,290.84,1.99,3.66,0.0,2026-09-29T07:00:00Z,nodd,nodd
2026-09-29,minneapolis-mn,02,2026-09-29T07:00:00Z,291.32,2.05,3.85,0.0,2026-09-29T08:00:00Z,nodd,nodd
2026-09-29,minneapolis-mn,03,2026-09-29T08:00:00Z,291.37,3.87,9.6,0.0,2026-09-29T09:00:00Z,nodd,nodd
2026-09-29,minneapolis-mn,04,2026-09-29T09:00:00Z,290.9,3.19,4.92,0.0,2026-09-29T10:00:00Z,nodd,nodd
2026-09-29,minneapolis-mn,05,2026-09-29T10:00:00Z,290.51,2.79,4.19,0.0,2026-09-29T11:00:00Z,nodd,nodd
2026-09-29,minneapolis-mn,06,2026-09-29T11:00:00Z,290.01,2.58,4.49,0.0,2026-09-29T12:00:00Z,nodd,nodd
2026-09-29,minneapolis-mn,07,2026-09-29T12:00:00Z,289.77,3.28,4.81,0.0,2026-09-29T13:00:00Z,nodd,nodd
2026-09-29,minneapolis-mn,08,2026-09-29T13:00:00Z,289.87,3.92,6.47,0.0,2026-09-29T14:00:00Z,nodd,nodd
2026-09-29,minneapolis-mn,09,2026-09-29T14:00:00Z,290.18,3.96,7.34,0.0,2026-09-29T15:00:00Z,nodd,nodd
2026-09-29,minneapolis-mn,10,2026-09-29T15:00:00Z,290.84,4.3,5.39,0.0,2026-09-29T16:00:00Z,nodd,nodd
2026-09-29,minneapolis-mn,11,2026-09-29T16:00:00Z,291.83,3.92,5.48,0.0,2026-09-29T17:00:00Z,nodd,nodd
2026-09-29,minneapolis-mn,12,2026-09-29T17:00:00Z,292.74,3.45,5.82,4.9375,2026-09-29T18:00:00Z,nodd,nodd
2026-09-29,minneapolis-mn,13,2026-09-29T18:00:00Z,290.48,3.36,5.63,3.65625,2026-09-29T19:00:00Z,nodd,nodd
2026-09-29,minneapolis-mn,14,2026-09-29T19:00:00Z,289.74,2.11,4.79,,2026-09-29T20:00:00Z,nodd,
2026-09-29,tampa-fl,00,2026-09-29T04:00:00Z,298.27,1.66,2.8,0.0,2026-09-29T05:00:00Z,nodd,nodd
2026-09-29,tampa-fl,01,2026-09-29T05:00:00Z,297.96,0.39,1.6,0.0,2026-09-29T06:00:00Z,nodd,nodd
2026-09-29,tampa-fl,02,2026-09-29T06:00:00Z,297.36,0.16,0.81,0.0,2026-09-29T07:00:00Z,nodd,nodd
2026-09-29,tampa-fl,03,2026-09-29T07:00:00Z,297.12,0.82,1.73,0.0,2026-09-29T08:00:00Z,nodd,nodd
2026-09-29,tampa-fl,04,2026-09-29T08:00:00Z,296.47,0.55,2.09,0.0,2026-09-29T09:00:00Z,nodd,nodd
2026-09-29,tampa-fl,05,2026-09-29T09:00:00Z,296.38,0.28,1.75,0.0,2026-09-29T10:00:00Z,nodd,nodd
2026-09-29,tampa-fl,06,2026-09-29T10:00:00Z,296.02,0.84,2.02,0.0,2026-09-29T11:00:00Z,nodd,nodd
2026-09-29,tampa-fl,07,2026-09-29T11:00:00Z,295.76,0.65,2.34,0.0,2026-09-29T12:00:00Z,nodd,nodd
2026-09-29,tampa-fl,08,2026-09-29T12:00:00Z,296.19,0.47,1.89,0.0,2026-09-29T13:00:00Z,nodd,nodd
2026-09-29,tampa-fl,09,2026-09-29T13:00:00Z,297.43,1.9,3.36,0.0,2026-09-29T14:00:00Z,nodd,nodd
2026-09-29,tampa-fl,10,2026-09-29T14:00:00Z,299.51,2.07,3.0,0.0,2026-09-29T15:00:00Z,nodd,nodd
2026-09-29,tampa-fl,11,2026-09-29T15:00:00Z,301.01,1.64,2.84,0.0,2026-09-29T16:00:00Z,nodd,nodd
2026-09-29,tampa-fl,12,2026-09-29T16:00:00Z,301.16,3.05,4.01,0.0,2026-09-29T17:00:00Z,nodd,nodd
2026-09-29,tampa-fl,13,2026-09-29T17:00:00Z,301.12,2.66,3.36,0.0,2026-09-29T18:00:00Z,nodd,nodd
2026-09-29,tampa-fl,14,2026-09-29T18:00:00Z,301.92,0.65,1.4,0.0,2026-09-29T19:00:00Z,nodd,nodd
2026-09-29,tampa-fl,15,2026-09-29T19:00:00Z,302.53,0.67,2.63,,2026-09-29T20:00:00Z,nodd,
2026-09-29,san-diego-ca,00,2026-09-29T07:00:00Z,291.85,2.2,2.31,0.0,2026-09-29T08:00:00Z,nodd,nodd
2026-09-29,san-diego-ca,01,2026-09-29T08:00:00Z,291.38,1.27,2.48,0.0,2026-09-29T09:00:00Z,nodd,nodd
2026-09-29,san-diego-ca,02,2026-09-29T09:00:00Z,290.9,1.76,2.37,0.0,2026-09-29T10:00:00Z,nodd,nodd
2026-09-29,san-diego-ca,03,2026-09-29T10:00:00Z,291.13,2.13,2.84,0.0,2026-09-29T11:00:00Z,nodd,nodd
2026-09-29,san-diego-ca,04,2026-09-29T11:00:00Z,290.34,2.02,4.05,0.0,2026-09-29T12:00:00Z,nodd,nodd
2026-09-29,san-diego-ca,05,2026-09-29T12:00:00Z,290.0,1.74,4.68,0.0,2026-09-29T13:00:00Z,nodd,nodd
2026-09-29,san-diego-ca,06,2026-09-29T13:00:00Z,289.9,1.43,2.88,0.0,2026-09-29T14:00:00Z,nodd,nodd
2026-09-29,san-diego-ca,07,2026-09-29T14:00:00Z,289.71,0.68,2.59,0.0,2026-09-29T15:00:00Z,nodd,nodd
2026-09-29,san-diego-ca,08,2026-09-29T15:00:00Z,291.34,1.02,2.23,0.0,2026-09-29T16:00:00Z,nodd,nodd
2026-09-29,san-diego-ca,09,2026-09-29T16:00:00Z,293.93,1.02,1.41,0.0,2026-09-29T17:00:00Z,nodd,nodd
2026-09-29,san-diego-ca,10,2026-09-29T17:00:00Z,295.39,2.26,2.55,0.0,2026-09-29T18:00:00Z,nodd,nodd
2026-09-29,san-diego-ca,11,2026-09-29T18:00:00Z,297.2,0.95,1.9,0.0,2026-09-29T19:00:00Z,nodd,nodd
2026-09-29,san-diego-ca,12,2026-09-29T19:00:00Z,298.42,3.37,5.45,,2026-09-29T20:00:00Z,nodd,
2026-09-29,denver-co,00,2026-09-29T06:00:00Z,290.55,1.1,2.71,0.0,2026-09-29T07:00:00Z,nodd,nodd
2026-09-29,denver-co,01,2026-09-29T07:00:00Z,290.18,0.59,4.21,0.0,2026-09-29T08:00:00Z,nodd,nodd
2026-09-29,denver-co,02,2026-09-29T08:00:00Z,289.8,1.34,2.0,0.0,2026-09-29T09:00:00Z,nodd,nodd
2026-09-29,denver-co,03,2026-09-29T09:00:00Z,289.02,0.45,3.76,0.0,2026-09-29T10:00:00Z,nodd,nodd
2026-09-29,denver-co,04,2026-09-29T10:00:00Z,288.49,1.02,2.66,0.0,2026-09-29T11:00:00Z,nodd,nodd
2026-09-29,denver-co,05,2026-09-29T11:00:00Z,287.82,0.51,1.28,0.0,2026-09-29T12:00:00Z,nodd,nodd
2026-09-29,denver-co,06,2026-09-29T12:00:00Z,287.85,1.12,1.45,0.0,2026-09-29T13:00:00Z,nodd,nodd
2026-09-29,denver-co,07,2026-09-29T13:00:00Z,287.95,1.03,1.79,0.0,2026-09-29T14:00:00Z,nodd,nodd
2026-09-29,denver-co,08,2026-09-29T14:00:00Z,288.55,1.54,3.04,0.0,2026-09-29T15:00:00Z,nodd,nodd
2026-09-29,denver-co,09,2026-09-29T15:00:00Z,289.93,2.67,4.88,0.0,2026-09-29T16:00:00Z,nodd,nodd
2026-09-29,denver-co,10,2026-09-29T16:00:00Z,290.71,2.86,5.3,0.0,2026-09-29T17:00:00Z,nodd,nodd
2026-09-29,denver-co,11,2026-09-29T17:00:00Z,291.39,2.78,5.41,0.0,2026-09-29T18:00:00Z,nodd,nodd
2026-09-29,denver-co,12,2026-09-29T18:00:00Z,292.13,2.43,5.06,0.0,2026-09-29T19:00:00Z,nodd,nodd
2026-09-29,denver-co,13,2026-09-29T19:00:00Z,293.92,1.63,3.66,,2026-09-29T20:00:00Z,nodd,
2026-09-29,orlando-fl,00,2026-09-29T04:00:00Z,298.0,0.03,1.37,0.0,2026-09-29T05:00:00Z,nodd,nodd
2026-09-29,orlando-fl,01,2026-09-29T05:00:00Z,297.0,0.78,1.45,0.0,2026-09-29T06:00:00Z,nodd,nodd
2026-09-29,orlando-fl,02,2026-09-29T06:00:00Z,296.8,1.12,2.12,0.0,2026-09-29T07:00:00Z,nodd,nodd
2026-09-29,orlando-fl,03,2026-09-29T07:00:00Z,296.09,1.34,2.22,0.0,2026-09-29T08:00:00Z,nodd,nodd
2026-09-29,orlando-fl,04,2026-09-29T08:00:00Z,295.76,0.02,2.5,0.0,2026-09-29T09:00:00Z,nodd,nodd
2026-09-29,orlando-fl,05,2026-09-29T09:00:00Z,295.53,0.29,1.66,0.0,2026-09-29T10:00:00Z,nodd,nodd
2026-09-29,orlando-fl,06,2026-09-29T10:00:00Z,295.24,0.59,0.59,0.0,2026-09-29T11:00:00Z,nodd,nodd
2026-09-29,orlando-fl,07,2026-09-29T11:00:00Z,295.21,0.36,1.15,0.0,2026-09-29T12:00:00Z,nodd,nodd
2026-09-29,orlando-fl,08,2026-09-29T12:00:00Z,295.31,0.0,1.65,0.0,2026-09-29T13:00:00Z,nodd,nodd
2026-09-29,orlando-fl,09,2026-09-29T13:00:00Z,297.66,0.0,1.52,0.0,2026-09-29T14:00:00Z,nodd,nodd
2026-09-29,orlando-fl,10,2026-09-29T14:00:00Z,299.26,1.08,2.68,0.0,2026-09-29T15:00:00Z,nodd,nodd
2026-09-29,orlando-fl,11,2026-09-29T15:00:00Z,300.39,1.17,3.2,0.0,2026-09-29T16:00:00Z,nodd,nodd
2026-09-29,orlando-fl,12,2026-09-29T16:00:00Z,302.39,0.91,2.79,0.0,2026-09-29T17:00:00Z,nodd,nodd
2026-09-29,orlando-fl,13,2026-09-29T17:00:00Z,303.43,1.96,2.52,0.0,2026-09-29T18:00:00Z,nodd,nodd
2026-09-29,orlando-fl,14,2026-09-29T18:00:00Z,303.11,3.02,3.49,0.0,2026-09-29T19:00:00Z,nodd,nodd
2026-09-29,orlando-fl,15,2026-09-29T19:00:00Z,303.73,3.47,3.61,,2026-09-29T20:00:00Z,nodd,
2026-09-29,charlotte-nc,00,2026-09-29T04:00:00Z,292.69,1.87,1.87,0.0,2026-09-29T05:00:00Z,nodd,nodd
2026-09-29,charlotte-nc,01,2026-09-29T05:00:00Z,292.12,1.6,2.2,0.0,2026-09-29T06:00:00Z,nodd,nodd
2026-09-29,charlotte-nc,02,2026-09-29T06:00:00Z,292.03,0.96,2.16,0.0,2026-09-29T07:00:00Z,nodd,nodd
2026-09-29,charlotte-nc,03,2026-09-29T07:00:00Z,291.01,1.1,2.36,0.0,2026-09-29T08:00:00Z,nodd,nodd
2026-09-29,charlotte-nc,04,2026-09-29T08:00:00Z,290.52,1.66,1.91,0.0,2026-09-29T09:00:00Z,nodd,nodd
2026-09-29,charlotte-nc,05,2026-09-29T09:00:00Z,289.44,0.0,0.99,0.0,2026-09-29T10:00:00Z,nodd,nodd
2026-09-29,charlotte-nc,06,2026-09-29T10:00:00Z,288.63,0.68,2.47,0.0,2026-09-29T11:00:00Z,nodd,nodd
2026-09-29,charlotte-nc,07,2026-09-29T11:00:00Z,288.15,0.34,2.4,0.0,2026-09-29T12:00:00Z,nodd,nodd
2026-09-29,charlotte-nc,08,2026-09-29T12:00:00Z,288.26,0.0,1.8,0.0,2026-09-29T13:00:00Z,nodd,nodd
2026-09-29,charlotte-nc,09,2026-09-29T13:00:00Z,291.5,1.12,1.79,0.0,2026-09-29T14:00:00Z,nodd,nodd
2026-09-29,charlotte-nc,10,2026-09-29T14:00:00Z,294.36,1.88,1.88,0.0,2026-09-29T15:00:00Z,nodd,nodd
2026-09-29,charlotte-nc,11,2026-09-29T15:00:00Z,296.34,2.25,2.25,0.0,2026-09-29T16:00:00Z,nodd,nodd
2026-09-29,charlotte-nc,12,2026-09-29T16:00:00Z,298.2,0.29,2.59,0.0,2026-09-29T17:00:00Z,nodd,nodd
2026-09-29,charlotte-nc,13,2026-09-29T17:00:00Z,299.41,1.81,2.43,0.0,2026-09-29T18:00:00Z,nodd,nodd
2026-09-29,charlotte-nc,14,2026-09-29T18:00:00Z,300.23,2.46,2.46,0.0,2026-09-29T19:00:00Z,nodd,nodd
2026-09-29,charlotte-nc,15,2026-09-29T19:00:00Z,300.58,1.58,1.58,,2026-09-29T20:00:00Z,nodd,
2026-09-29,baltimore-md,00,2026-09-29T04:00:00Z,291.73,1.5,3.26,0.0,2026-09-29T05:00:00Z,nodd,nodd
2026-09-29,baltimore-md,01,2026-09-29T05:00:00Z,291.58,1.46,5.15,0.0,2026-09-29T06:00:00Z,nodd,nodd
2026-09-29,baltimore-md,02,2026-09-29T06:00:00Z,291.31,1.08,2.88,0.0,2026-09-29T07:00:00Z,nodd,nodd
2026-09-29,baltimore-md,03,2026-09-29T07:00:00Z,290.89,1.41,3.8,0.0,2026-09-29T08:00:00Z,nodd,nodd
2026-09-29,baltimore-md,04,2026-09-29T08:00:00Z,290.75,1.61,3.86,0.0,2026-09-29T09:00:00Z,nodd,nodd
2026-09-29,baltimore-md,05,2026-09-29T09:00:00Z,289.95,0.96,3.27,0.0,2026-09-29T10:00:00Z,nodd,nodd
2026-09-29,baltimore-md,06,2026-09-29T10:00:00Z,289.93,1.35,4.13,0.0,2026-09-29T11:00:00Z,nodd,nodd
2026-09-29,baltimore-md,07,2026-09-29T11:00:00Z,289.93,0.48,2.3,0.0,2026-09-29T12:00:00Z,nodd,nodd
2026-09-29,baltimore-md,08,2026-09-29T12:00:00Z,290.32,0.03,2.42,0.0,2026-09-29T13:00:00Z,nodd,nodd
2026-09-29,baltimore-md,09,2026-09-29T13:00:00Z,292.46,0.74,2.55,0.0,2026-09-29T14:00:00Z,nodd,nodd
2026-09-29,baltimore-md,10,2026-09-29T14:00:00Z,293.64,1.24,2.43,0.0,2026-09-29T15:00:00Z,nodd,nodd
2026-09-29,baltimore-md,11,2026-09-29T15:00:00Z,294.46,2.86,3.73,0.0,2026-09-29T16:00:00Z,nodd,nodd
2026-09-29,baltimore-md,12,2026-09-29T16:00:00Z,295.14,1.46,2.79,0.0,2026-09-29T17:00:00Z,nodd,nodd
2026-09-29,baltimore-md,13,2026-09-29T17:00:00Z,295.59,2.16,2.99,0.0,2026-09-29T18:00:00Z,nodd,nodd
2026-09-29,baltimore-md,14,2026-09-29T18:00:00Z,296.14,2.6,2.84,0.0,2026-09-29T19:00:00Z,nodd,nodd
2026-09-29,baltimore-md,15,2026-09-29T19:00:00Z,296.86,2.9,2.9,,2026-09-29T20:00:00Z,nodd,
2026-09-29,st-louis-mo,00,2026-09-29T05:00:00Z,287.99,0.0,2.05,0.0,2026-09-29T06:00:00Z,nodd,nodd
2026-09-29,st-louis-mo,01,2026-09-29T06:00:00Z,287.47,0.0,2.3,0.0,2026-09-29T07:00:00Z,nodd,nodd
2026-09-29,st-louis-mo,02,2026-09-29T07:00:00Z,286.9,0.91,1.66,0.0,2026-09-29T08:00:00Z,nodd,nodd
2026-09-29,st-louis-mo,03,2026-09-29T08:00:00Z,287.25,0.35,1.33,0.0,2026-09-29T09:00:00Z,nodd,nodd
2026-09-29,st-louis-mo,04,2026-09-29T09:00:00Z,286.62,0.71,1.23,0.0,2026-09-29T10:00:00Z,nodd,nodd
2026-09-29,st-louis-mo,05,2026-09-29T10:00:00Z,286.22,0.51,2.08,0.0,2026-09-29T11:00:00Z,nodd,nodd
2026-09-29,st-louis-mo,06,2026-09-29T11:00:00Z,285.69,0.09,1.06,0.0,2026-09-29T12:00:00Z,nodd,nodd
2026-09-29,st-louis-mo,07,2026-09-29T12:00:00Z,285.43,0.16,1.43,0.0,2026-09-29T13:00:00Z,nodd,nodd
2026-09-29,st-louis-mo,08,2026-09-29T13:00:00Z,286.67,0.01,0.98,0.0,2026-09-29T14:00:00Z,nodd,nodd
2026-09-29,st-louis-mo,09,2026-09-29T14:00:00Z,290.83,0.0,4.37,0.0,2026-09-29T15:00:00Z,nodd,nodd
2026-09-29,st-louis-mo,10,2026-09-29T15:00:00Z,294.56,1.34,5.38,0.0,2026-09-29T16:00:00Z,nodd,nodd
2026-09-29,st-louis-mo,11,2026-09-29T16:00:00Z,297.72,3.27,5.26,0.0,2026-09-29T17:00:00Z,nodd,nodd
2026-09-29,st-louis-mo,12,2026-09-29T17:00:00Z,299.69,3.19,6.37,0.0,2026-09-29T18:00:00Z,nodd,nodd
2026-09-29,st-louis-mo,13,2026-09-29T18:00:00Z,300.99,2.81,3.9,0.0,2026-09-29T19:00:00Z,nodd,nodd
2026-09-29,st-louis-mo,14,2026-09-29T19:00:00Z,301.91,2.2,4.46,,2026-09-29T20:00:00Z,nodd,
2026-09-29,san-antonio-tx,00,2026-09-29T05:00:00Z,300.69,4.82,9.38,0.0,2026-09-29T06:00:00Z,nodd,nodd
2026-09-29,san-antonio-tx,01,2026-09-29T06:00:00Z,299.81,3.5,10.39,0.0,2026-09-29T07:00:00Z,nodd,nodd
2026-09-29,san-antonio-tx,02,2026-09-29T07:00:00Z,298.95,1.98,8.05,0.0,2026-09-29T08:00:00Z,nodd,nodd
2026-09-29,san-antonio-tx,03,2026-09-29T08:00:00Z,298.76,1.58,3.3,0.0,2026-09-29T09:00:00Z,nodd,nodd
2026-09-29,san-antonio-tx,04,2026-09-29T09:00:00Z,298.39,1.66,2.14,0.0,2026-09-29T10:00:00Z,nodd,nodd
2026-09-29,san-antonio-tx,05,2026-09-29T10:00:00Z,298.58,1.73,3.95,0.0,2026-09-29T11:00:00Z,nodd,nodd
2026-09-29,san-antonio-tx,06,2026-09-29T11:00:00Z,297.89,0.35,1.92,0.0,2026-09-29T12:00:00Z,nodd,nodd
2026-09-29,san-antonio-tx,07,2026-09-29T12:00:00Z,297.83,1.31,3.41,0.0,2026-09-29T13:00:00Z,nodd,nodd
2026-09-29,san-antonio-tx,08,2026-09-29T13:00:00Z,297.85,0.66,3.4,0.0,2026-09-29T14:00:00Z,nodd,nodd
2026-09-29,san-antonio-tx,09,2026-09-29T14:00:00Z,299.61,2.24,4.87,0.0,2026-09-29T15:00:00Z,nodd,nodd
2026-09-29,san-antonio-tx,10,2026-09-29T15:00:00Z,301.56,3.13,5.49,0.0,2026-09-29T16:00:00Z,nodd,nodd
2026-09-29,san-antonio-tx,11,2026-09-29T16:00:00Z,302.38,3.88,7.5,0.0,2026-09-29T17:00:00Z,nodd,nodd
2026-09-29,san-antonio-tx,12,2026-09-29T17:00:00Z,304.87,4.37,10.03,0.0,2026-09-29T18:00:00Z,nodd,nodd
2026-09-29,san-antonio-tx,13,2026-09-29T18:00:00Z,306.16,3.8,7.87,0.0,2026-09-29T19:00:00Z,nodd,nodd
2026-09-29,san-antonio-tx,14,2026-09-29T19:00:00Z,307.33,4.34,8.28,,2026-09-29T20:00:00Z,nodd,
2026-09-29,austin-tx,00,2026-09-29T05:00:00Z,301.36,3.5,8.1,0.0,2026-09-29T06:00:00Z,nodd,nodd
2026-09-29,austin-tx,01,2026-09-29T06:00:00Z,300.58,1.9,7.91,0.0,2026-09-29T07:00:00Z,nodd,nodd
2026-09-29,austin-tx,02,2026-09-29T07:00:00Z,300.14,1.59,5.16,0.0,2026-09-29T08:00:00Z,nodd,nodd
2026-09-29,austin-tx,03,2026-09-29T08:00:00Z,299.54,1.36,5.75,0.0,2026-09-29T09:00:00Z,nodd,nodd
2026-09-29,austin-tx,04,2026-09-29T09:00:00Z,299.29,1.24,4.84,0.0,2026-09-29T10:00:00Z,nodd,nodd
2026-09-29,austin-tx,05,2026-09-29T10:00:00Z,298.98,1.27,3.29,0.0,2026-09-29T11:00:00Z,nodd,nodd
2026-09-29,austin-tx,06,2026-09-29T11:00:00Z,298.45,1.83,4.86,0.0,2026-09-29T12:00:00Z,nodd,nodd
2026-09-29,austin-tx,07,2026-09-29T12:00:00Z,298.19,1.29,3.96,0.0,2026-09-29T13:00:00Z,nodd,nodd
2026-09-29,austin-tx,08,2026-09-29T13:00:00Z,298.13,1.22,3.25,0.0,2026-09-29T14:00:00Z,nodd,nodd
2026-09-29,austin-tx,09,2026-09-29T14:00:00Z,299.41,1.75,4.14,0.0,2026-09-29T15:00:00Z,nodd,nodd
2026-09-29,austin-tx,10,2026-09-29T15:00:00Z,301.27,2.42,4.68,0.0,2026-09-29T16:00:00Z,nodd,nodd
2026-09-29,austin-tx,11,2026-09-29T16:00:00Z,303.35,2.95,6.79,0.0,2026-09-29T17:00:00Z,nodd,nodd
2026-09-29,austin-tx,12,2026-09-29T17:00:00Z,305.13,2.67,6.46,0.0,2026-09-29T18:00:00Z,nodd,nodd
2026-09-29,austin-tx,13,2026-09-29T18:00:00Z,306.54,1.93,7.97,0.0,2026-09-29T19:00:00Z,nodd,nodd
2026-09-29,austin-tx,14,2026-09-29T19:00:00Z,308.07,2.68,10.46,,2026-09-29T20:00:00Z,nodd,
2026-09-29,portland-or,00,2026-09-29T07:00:00Z,287.57,0.05,0.05,0.0,2026-09-29T08:00:00Z,nodd,nodd
2026-09-29,portland-or,01,2026-09-29T08:00:00Z,287.31,0.64,1.65,0.0,2026-09-29T09:00:00Z,nodd,nodd
2026-09-29,portland-or,02,2026-09-29T09:00:00Z,286.92,1.27,1.76,0.0,2026-09-29T10:00:00Z,nodd,nodd
2026-09-29,portland-or,03,2026-09-29T10:00:00Z,286.75,1.53,1.7,0.0,2026-09-29T11:00:00Z,nodd,nodd
2026-09-29,portland-or,04,2026-09-29T11:00:00Z,286.73,1.48,3.45,0.0,2026-09-29T12:00:00Z,nodd,nodd
2026-09-29,portland-or,05,2026-09-29T12:00:00Z,286.77,2.02,3.13,0.0,2026-09-29T13:00:00Z,nodd,nodd
2026-09-29,portland-or,06,2026-09-29T13:00:00Z,287.1,1.43,3.08,0.0,2026-09-29T14:00:00Z,nodd,nodd
2026-09-29,portland-or,07,2026-09-29T14:00:00Z,287.03,1.13,2.26,0.0,2026-09-29T15:00:00Z,nodd,nodd
2026-09-29,portland-or,08,2026-09-29T15:00:00Z,287.28,1.11,3.36,0.0,2026-09-29T16:00:00Z,nodd,nodd
2026-09-29,portland-or,09,2026-09-29T16:00:00Z,288.09,2.28,3.64,0.0,2026-09-29T17:00:00Z,nodd,nodd
2026-09-29,portland-or,10,2026-09-29T17:00:00Z,288.9,1.33,5.73,0.0,2026-09-29T18:00:00Z,nodd,nodd
2026-09-29,portland-or,11,2026-09-29T18:00:00Z,289.93,2.22,7.99,0.03125,2026-09-29T19:00:00Z,nodd,nodd
2026-09-29,portland-or,12,2026-09-29T19:00:00Z,290.98,2.09,6.45,,2026-09-29T20:00:00Z,nodd,
2026-09-29,sacramento-ca,00,2026-09-29T07:00:00Z,289.71,0.62,2.98,0.0,2026-09-29T08:00:00Z,nodd,nodd
2026-09-29,sacramento-ca,01,2026-09-29T08:00:00Z,289.12,0.51,2.03,0.0,2026-09-29T09:00:00Z,nodd,nodd
2026-09-29,sacramento-ca,02,2026-09-29T09:00:00Z,288.2,0.51,0.51,0.0,2026-09-29T10:00:00Z,nodd,nodd
2026-09-29,sacramento-ca,03,2026-09-29T10:00:00Z,287.4,0.55,1.07,0.0,2026-09-29T11:00:00Z,nodd,nodd
2026-09-29,sacramento-ca,04,2026-09-29T11:00:00Z,286.95,1.84,1.84,0.0,2026-09-29T12:00:00Z,nodd,nodd
2026-09-29,sacramento-ca,05,2026-09-29T12:00:00Z,286.9,0.9,2.74,0.0,2026-09-29T13:00:00Z,nodd,nodd
2026-09-29,sacramento-ca,06,2026-09-29T13:00:00Z,287.07,1.96,2.58,0.0,2026-09-29T14:00:00Z,nodd,nodd
2026-09-29,sacramento-ca,07,2026-09-29T14:00:00Z,287.04,2.02,3.25,0.0,2026-09-29T15:00:00Z,nodd,nodd
2026-09-29,sacramento-ca,08,2026-09-29T15:00:00Z,288.94,1.27,3.92,0.0,2026-09-29T16:00:00Z,nodd,nodd
2026-09-29,sacramento-ca,09,2026-09-29T16:00:00Z,292.84,3.07,6.3,0.0,2026-09-29T17:00:00Z,nodd,nodd
2026-09-29,sacramento-ca,10,2026-09-29T17:00:00Z,295.37,2.76,4.85,0.0,2026-09-29T18:00:00Z,nodd,nodd
2026-09-29,sacramento-ca,11,2026-09-29T18:00:00Z,298.67,2.8,6.12,0.0,2026-09-29T19:00:00Z,nodd,nodd
2026-09-29,sacramento-ca,12,2026-09-29T19:00:00Z,301.77,3.14,6.12,,2026-09-29T20:00:00Z,nodd,
2026-09-29,pittsburgh-pa,00,2026-09-29T04:00:00Z,289.0,0.27,1.01,0.0,2026-09-29T05:00:00Z,nodd,nodd
2026-09-29,pittsburgh-pa,01,2026-09-29T05:00:00Z,289.36,0.0,0.58,0.0,2026-09-29T06:00:00Z,nodd,nodd
2026-09-29,pittsburgh-pa,02,2026-09-29T06:00:00Z,289.17,1.17,1.24,0.0,2026-09-29T07:00:00Z,nodd,nodd
2026-09-29,pittsburgh-pa,03,2026-09-29T07:00:00Z,288.66,0.91,1.17,0.0,2026-09-29T08:00:00Z,nodd,nodd
2026-09-29,pittsburgh-pa,04,2026-09-29T08:00:00Z,288.8,0.57,1.36,0.0,2026-09-29T09:00:00Z,nodd,nodd
2026-09-29,pittsburgh-pa,05,2026-09-29T09:00:00Z,288.6,0.13,1.05,0.0,2026-09-29T10:00:00Z,nodd,nodd
2026-09-29,pittsburgh-pa,06,2026-09-29T10:00:00Z,288.57,0.0,1.1,0.0,2026-09-29T11:00:00Z,nodd,nodd
2026-09-29,pittsburgh-pa,07,2026-09-29T11:00:00Z,288.78,0.0,0.66,0.0,2026-09-29T12:00:00Z,nodd,nodd
2026-09-29,pittsburgh-pa,08,2026-09-29T12:00:00Z,288.98,0.0,0.73,0.0,2026-09-29T13:00:00Z,nodd,nodd
2026-09-29,pittsburgh-pa,09,2026-09-29T13:00:00Z,289.28,0.0,1.85,0.0,2026-09-29T14:00:00Z,nodd,nodd
2026-09-29,pittsburgh-pa,10,2026-09-29T14:00:00Z,290.3,0.0,1.47,0.0,2026-09-29T15:00:00Z,nodd,nodd
2026-09-29,pittsburgh-pa,11,2026-09-29T15:00:00Z,291.5,0.0,2.18,0.0,2026-09-29T16:00:00Z,nodd,nodd
2026-09-29,pittsburgh-pa,12,2026-09-29T16:00:00Z,292.69,0.84,2.1,0.0,2026-09-29T17:00:00Z,nodd,nodd
2026-09-29,pittsburgh-pa,13,2026-09-29T17:00:00Z,294.13,0.48,1.88,0.0,2026-09-29T18:00:00Z,nodd,nodd
2026-09-29,pittsburgh-pa,14,2026-09-29T18:00:00Z,295.15,0.1,1.13,0.0,2026-09-29T19:00:00Z,nodd,nodd
2026-09-29,pittsburgh-pa,15,2026-09-29T19:00:00Z,295.01,1.57,1.63,,2026-09-29T20:00:00Z,nodd,
2026-09-29,las-vegas-nv,00,2026-09-29T07:00:00Z,293.73,2.49,2.49,0.0,2026-09-29T08:00:00Z,nodd,nodd
2026-09-29,las-vegas-nv,01,2026-09-29T08:00:00Z,293.42,2.0,2.73,0.0,2026-09-29T09:00:00Z,nodd,nodd
2026-09-29,las-vegas-nv,02,2026-09-29T09:00:00Z,292.96,1.28,1.36,0.0,2026-09-29T10:00:00Z,nodd,nodd
2026-09-29,las-vegas-nv,03,2026-09-29T10:00:00Z,292.72,0.0,3.43,0.0,2026-09-29T11:00:00Z,nodd,nodd
2026-09-29,las-vegas-nv,04,2026-09-29T11:00:00Z,292.33,1.36,3.25,0.0,2026-09-29T12:00:00Z,nodd,nodd
2026-09-29,las-vegas-nv,05,2026-09-29T12:00:00Z,292.64,1.68,2.31,0.03125,2026-09-29T13:00:00Z,nodd,nodd
2026-09-29,las-vegas-nv,06,2026-09-29T13:00:00Z,292.18,0.82,1.55,1.25,2026-09-29T14:00:00Z,nodd,nodd
2026-09-29,las-vegas-nv,07,2026-09-29T14:00:00Z,291.05,4.4,10.8,0.3125,2026-09-29T15:00:00Z,nodd,nodd
2026-09-29,las-vegas-nv,08,2026-09-29T15:00:00Z,291.45,5.62,12.93,0.3125,2026-09-29T16:00:00Z,nodd,nodd
2026-09-29,las-vegas-nv,09,2026-09-29T16:00:00Z,292.4,4.68,7.99,0.6875,2026-09-29T17:00:00Z,nodd,nodd
2026-09-29,las-vegas-nv,10,2026-09-29T17:00:00Z,292.41,6.31,10.45,1.09375,2026-09-29T18:00:00Z,nodd,nodd
2026-09-29,las-vegas-nv,11,2026-09-29T18:00:00Z,292.98,2.94,7.68,0.0,2026-09-29T19:00:00Z,nodd,nodd
2026-09-29,las-vegas-nv,12,2026-09-29T19:00:00Z,295.49,5.44,9.21,,2026-09-29T20:00:00Z,nodd,
2026-09-29,cincinnati-oh,00,2026-09-29T04:00:00Z,288.2,0.1,0.73,0.0,2026-09-29T05:00:00Z,nodd,nodd
2026-09-29,cincinnati-oh,01,2026-09-29T05:00:00Z,287.66,0.0,0.19,0.0,2026-09-29T06:00:00Z,nodd,nodd
2026-09-29,cincinnati-oh,02,2026-09-29T06:00:00Z,287.04,0.0,0.44,0.0,2026-09-29T07:00:00Z,nodd,nodd
2026-09-29,cincinnati-oh,03,2026-09-29T07:00:00Z,286.21,0.47,0.78,0.0,2026-09-29T08:00:00Z,nodd,nodd
2026-09-29,cincinnati-oh,04,2026-09-29T08:00:00Z,285.75,1.39,1.39,0.0,2026-09-29T09:00:00Z,nodd,nodd
2026-09-29,cincinnati-oh,05,2026-09-29T09:00:00Z,285.1,0.17,0.17,0.0,2026-09-29T10:00:00Z,nodd,nodd
2026-09-29,cincinnati-oh,06,2026-09-29T10:00:00Z,284.58,0.0,0.27,0.0,2026-09-29T11:00:00Z,nodd,nodd
2026-09-29,cincinnati-oh,07,2026-09-29T11:00:00Z,284.5,0.0,0.68,0.0,2026-09-29T12:00:00Z,nodd,nodd
2026-09-29,cincinnati-oh,08,2026-09-29T12:00:00Z,284.77,0.0,0.31,0.0,2026-09-29T13:00:00Z,nodd,nodd
2026-09-29,cincinnati-oh,09,2026-09-29T13:00:00Z,286.18,0.0,0.0,0.0,2026-09-29T14:00:00Z,nodd,nodd
2026-09-29,cincinnati-oh,10,2026-09-29T14:00:00Z,289.29,0.0,0.87,0.0,2026-09-29T15:00:00Z,nodd,nodd
2026-09-29,cincinnati-oh,11,2026-09-29T15:00:00Z,293.42,0.0,1.42,0.0,2026-09-29T16:00:00Z,nodd,nodd
2026-09-29,cincinnati-oh,12,2026-09-29T16:00:00Z,296.11,1.05,2.0,0.0,2026-09-29T17:00:00Z,nodd,nodd
2026-09-29,cincinnati-oh,13,2026-09-29T17:00:00Z,297.71,0.34,1.81,0.0,2026-09-29T18:00:00Z,nodd,nodd
2026-09-29,cincinnati-oh,14,2026-09-29T18:00:00Z,298.56,1.66,2.39,0.0,2026-09-29T19:00:00Z,nodd,nodd
2026-09-29,cincinnati-oh,15,2026-09-29T19:00:00Z,299.26,1.09,2.9,,2026-09-29T20:00:00Z,nodd,
2026-09-29,kansas-city-mo,00,2026-09-29T05:00:00Z,292.83,1.26,2.73,0.0,2026-09-29T06:00:00Z,nodd,nodd
2026-09-29,kansas-city-mo,01,2026-09-29T06:00:00Z,292.83,1.74,3.73,0.0,2026-09-29T07:00:00Z,nodd,nodd
2026-09-29,kansas-city-mo,02,2026-09-29T07:00:00Z,292.87,2.09,3.77,0.0,2026-09-29T08:00:00Z,nodd,nodd
2026-09-29,kansas-city-mo,03,2026-09-29T08:00:00Z,292.82,2.36,3.34,0.0,2026-09-29T09:00:00Z,nodd,nodd
2026-09-29,kansas-city-mo,04,2026-09-29T09:00:00Z,292.25,2.28,3.07,0.0,2026-09-29T10:00:00Z,nodd,nodd
2026-09-29,kansas-city-mo,05,2026-09-29T10:00:00Z,291.62,1.99,3.38,0.0,2026-09-29T11:00:00Z,nodd,nodd
2026-09-29,kansas-city-mo,06,2026-09-29T11:00:00Z,291.27,1.8,3.37,0.0,2026-09-29T12:00:00Z,nodd,nodd
2026-09-29,kansas-city-mo,07,2026-09-29T12:00:00Z,290.66,1.84,3.48,0.0,2026-09-29T13:00:00Z,nodd,nodd
2026-09-29,kansas-city-mo,08,2026-09-29T13:00:00Z,290.88,1.24,2.81,0.0,2026-09-29T14:00:00Z,nodd,nodd
2026-09-29,kansas-city-mo,09,2026-09-29T14:00:00Z,293.1,2.7,6.45,0.0,2026-09-29T15:00:00Z,nodd,nodd
2026-09-29,kansas-city-mo,10,2026-09-29T15:00:00Z,294.25,2.93,7.35,0.0,2026-09-29T16:00:00Z,nodd,nodd
2026-09-29,kansas-city-mo,11,2026-09-29T16:00:00Z,295.78,3.45,7.94,0.0,2026-09-29T17:00:00Z,nodd,nodd
2026-09-29,kansas-city-mo,12,2026-09-29T17:00:00Z,297.82,4.9,8.59,0.0,2026-09-29T18:00:00Z,nodd,nodd
2026-09-29,kansas-city-mo,13,2026-09-29T18:00:00Z,298.6,4.14,9.14,0.0,2026-09-29T19:00:00Z,nodd,nodd
2026-09-29,kansas-city-mo,14,2026-09-29T19:00:00Z,299.53,3.85,8.05,,2026-09-29T20:00:00Z,nodd,
2026-09-29,columbus-oh,00,2026-09-29T04:00:00Z,287.11,0.0,1.15,0.0,2026-09-29T05:00:00Z,nodd,nodd
2026-09-29,columbus-oh,01,2026-09-29T05:00:00Z,286.1,0.0,1.15,0.0,2026-09-29T06:00:00Z,nodd,nodd
2026-09-29,columbus-oh,02,2026-09-29T06:00:00Z,285.54,0.6,1.91,0.0,2026-09-29T07:00:00Z,nodd,nodd
2026-09-29,columbus-oh,03,2026-09-29T07:00:00Z,285.04,0.13,2.07,0.0,2026-09-29T08:00:00Z,nodd,nodd
2026-09-29,columbus-oh,04,2026-09-29T08:00:00Z,284.9,0.0,1.7,0.0,2026-09-29T09:00:00Z,nodd,nodd
2026-09-29,columbus-oh,05,2026-09-29T09:00:00Z,284.44,0.0,2.59,0.0,2026-09-29T10:00:00Z,nodd,nodd
2026-09-29,columbus-oh,06,2026-09-29T10:00:00Z,284.05,0.1,1.55,0.0,2026-09-29T11:00:00Z,nodd,nodd
2026-09-29,columbus-oh,07,2026-09-29T11:00:00Z,283.73,0.42,1.43,0.0,2026-09-29T12:00:00Z,nodd,nodd
2026-09-29,columbus-oh,08,2026-09-29T12:00:00Z,283.55,0.0,1.29,0.0,2026-09-29T13:00:00Z,nodd,nodd
2026-09-29,columbus-oh,09,2026-09-29T13:00:00Z,287.06,0.17,1.2,0.0,2026-09-29T14:00:00Z,nodd,nodd
2026-09-29,columbus-oh,10,2026-09-29T14:00:00Z,290.71,0.0,1.99,0.0,2026-09-29T15:00:00Z,nodd,nodd
2026-09-29,columbus-oh,11,2026-09-29T15:00:00Z,293.56,0.0,1.5,0.0,2026-09-29T16:00:00Z,nodd,nodd
2026-09-29,columbus-oh,12,2026-09-29T16:00:00Z,295.55,0.0,2.44,0.0,2026-09-29T17:00:00Z,nodd,nodd
2026-09-29,columbus-oh,13,2026-09-29T17:00:00Z,296.62,1.16,2.7,0.0,2026-09-29T18:00:00Z,nodd,nodd
2026-09-29,columbus-oh,14,2026-09-29T18:00:00Z,297.76,2.25,2.34,0.0,2026-09-29T19:00:00Z,nodd,nodd
2026-09-29,columbus-oh,15,2026-09-29T19:00:00Z,298.57,0.72,2.21,,2026-09-29T20:00:00Z,nodd,
2026-09-29,indianapolis-in,00,2026-09-29T04:00:00Z,289.38,0.36,3.65,0.0,2026-09-29T05:00:00Z,nodd,nodd
2026-09-29,indianapolis-in,01,2026-09-29T05:00:00Z,288.67,0.32,3.61,0.0,2026-09-29T06:00:00Z,nodd,nodd
2026-09-29,indianapolis-in,02,2026-09-29T06:00:00Z,287.85,0.22,2.43,0.0,2026-09-29T07:00:00Z,nodd,nodd
2026-09-29,indianapolis-in,03,2026-09-29T07:00:00Z,287.18,0.0,1.97,0.0,2026-09-29T08:00:00Z,nodd,nodd
2026-09-29,indianapolis-in,04,2026-09-29T08:00:00Z,286.81,0.0,1.19,0.0,2026-09-29T09:00:00Z,nodd,nodd
2026-09-29,indianapolis-in,05,2026-09-29T09:00:00Z,286.2,0.33,2.75,0.0,2026-09-29T10:00:00Z,nodd,nodd
2026-09-29,indianapolis-in,06,2026-09-29T10:00:00Z,285.85,0.0,1.28,0.0,2026-09-29T11:00:00Z,nodd,nodd
2026-09-29,indianapolis-in,07,2026-09-29T11:00:00Z,285.63,0.14,1.28,0.0,2026-09-29T12:00:00Z,nodd,nodd
2026-09-29,indianapolis-in,08,2026-09-29T12:00:00Z,285.06,0.72,2.02,0.0,2026-09-29T13:00:00Z,nodd,nodd
2026-09-29,indianapolis-in,09,2026-09-29T13:00:00Z,287.13,0.89,1.26,0.0,2026-09-29T14:00:00Z,nodd,nodd
2026-09-29,indianapolis-in,10,2026-09-29T14:00:00Z,291.06,0.55,1.68,0.0,2026-09-29T15:00:00Z,nodd,nodd
2026-09-29,indianapolis-in,11,2026-09-29T15:00:00Z,293.87,1.37,2.2,0.0,2026-09-29T16:00:00Z,nodd,nodd
2026-09-29,indianapolis-in,12,2026-09-29T16:00:00Z,296.39,0.85,2.91,0.0,2026-09-29T17:00:00Z,nodd,nodd
2026-09-29,indianapolis-in,13,2026-09-29T17:00:00Z,297.83,1.44,2.99,0.0,2026-09-29T18:00:00Z,nodd,nodd
2026-09-29,indianapolis-in,14,2026-09-29T18:00:00Z,298.77,0.67,2.33,0.0,2026-09-29T19:00:00Z,nodd,nodd
2026-09-29,indianapolis-in,15,2026-09-29T19:00:00Z,299.45,1.19,1.75,,2026-09-29T20:00:00Z,nodd,
2026-09-29,cleveland-oh,00,2026-09-29T04:00:00Z,288.41,1.99,2.63,0.0,2026-09-29T05:00:00Z,nodd,nodd
2026-09-29,cleveland-oh,01,2026-09-29T05:00:00Z,287.46,2.39,2.39,0.0,2026-09-29T06:00:00Z,nodd,nodd
2026-09-29,cleveland-oh,02,2026-09-29T06:00:00Z,287.15,2.27,2.27,0.0,2026-09-29T07:00:00Z,nodd,nodd
2026-09-29,cleveland-oh,03,2026-09-29T07:00:00Z,286.79,2.04,3.66,0.0,2026-09-29T08:00:00Z,nodd,nodd
2026-09-29,cleveland-oh,04,2026-09-29T08:00:00Z,286.82,1.57,4.2,0.0,2026-09-29T09:00:00Z,nodd,nodd
2026-09-29,cleveland-oh,05,2026-09-29T09:00:00Z,286.31,1.52,3.49,0.0,2026-09-29T10:00:00Z,nodd,nodd
2026-09-29,cleveland-oh,06,2026-09-29T10:00:00Z,285.37,1.17,1.6,0.0,2026-09-29T11:00:00Z,nodd,nodd
2026-09-29,cleveland-oh,07,2026-09-29T11:00:00Z,285.08,1.37,2.02,0.0,2026-09-29T12:00:00Z,nodd,nodd
2026-09-29,cleveland-oh,08,2026-09-29T12:00:00Z,285.49,1.57,3.13,0.0,2026-09-29T13:00:00Z,nodd,nodd
2026-09-29,cleveland-oh,09,2026-09-29T13:00:00Z,288.39,1.21,2.94,0.0,2026-09-29T14:00:00Z,nodd,nodd
2026-09-29,cleveland-oh,10,2026-09-29T14:00:00Z,291.52,1.56,2.08,0.0,2026-09-29T15:00:00Z,nodd,nodd
2026-09-29,cleveland-oh,11,2026-09-29T15:00:00Z,293.5,0.03,0.42,0.0,2026-09-29T16:00:00Z,nodd,nodd
2026-09-29,cleveland-oh,12,2026-09-29T16:00:00Z,294.13,1.43,3.59,0.0,2026-09-29T17:00:00Z,nodd,nodd
2026-09-29,cleveland-oh,13,2026-09-29T17:00:00Z,294.48,2.21,2.9,0.0,2026-09-29T18:00:00Z,nodd,nodd
2026-09-29,cleveland-oh,14,2026-09-29T18:00:00Z,294.61,1.94,3.02,0.0,2026-09-29T19:00:00Z,nodd,nodd
2026-09-29,cleveland-oh,15,2026-09-29T19:00:00Z,295.26,2.67,2.67,,2026-09-29T20:00:00Z,nodd,
2026-09-29,nashville-tn,00,2026-09-29T05:00:00Z,288.75,0.0,1.21,0.0,2026-09-29T06:00:00Z,nodd,nodd
2026-09-29,nashville-tn,01,2026-09-29T06:00:00Z,287.93,0.37,2.34,0.0,2026-09-29T07:00:00Z,nodd,nodd
2026-09-29,nashville-tn,02,2026-09-29T07:00:00Z,286.82,0.0,0.67,0.0,2026-09-29T08:00:00Z,nodd,nodd
2026-09-29,nashville-tn,03,2026-09-29T08:00:00Z,286.92,0.13,0.16,0.0,2026-09-29T09:00:00Z,nodd,nodd
2026-09-29,nashville-tn,04,2026-09-29T09:00:00Z,286.25,0.55,0.75,0.0,2026-09-29T10:00:00Z,nodd,nodd
2026-09-29,nashville-tn,05,2026-09-29T10:00:00Z,285.18,0.48,1.15,0.0,2026-09-29T11:00:00Z,nodd,nodd
2026-09-29,nashville-tn,06,2026-09-29T11:00:00Z,284.56,0.51,0.87,0.0,2026-09-29T12:00:00Z,nodd,nodd
2026-09-29,nashville-tn,07,2026-09-29T12:00:00Z,284.54,0.0,2.69,0.0,2026-09-29T13:00:00Z,nodd,nodd
2026-09-29,nashville-tn,08,2026-09-29T13:00:00Z,286.71,0.28,2.26,0.0,2026-09-29T14:00:00Z,nodd,nodd
2026-09-29,nashville-tn,09,2026-09-29T14:00:00Z,291.73,0.25,1.31,0.0,2026-09-29T15:00:00Z,nodd,nodd
2026-09-29,nashville-tn,10,2026-09-29T15:00:00Z,295.74,1.77,2.22,0.0,2026-09-29T16:00:00Z,nodd,nodd
2026-09-29,nashville-tn,11,2026-09-29T16:00:00Z,299.13,1.38,2.08,0.0,2026-09-29T17:00:00Z,nodd,nodd
2026-09-29,nashville-tn,12,2026-09-29T17:00:00Z,300.41,0.24,1.53,0.0,2026-09-29T18:00:00Z,nodd,nodd
2026-09-29,nashville-tn,13,2026-09-29T18:00:00Z,301.72,1.48,1.95,0.0,2026-09-29T19:00:00Z,nodd,nodd
2026-09-29,nashville-tn,14,2026-09-29T19:00:00Z,302.89,2.07,2.07,,2026-09-29T20:00:00Z,nodd,
2026-09-29,san-jose-ca,00,2026-09-29T07:00:00Z,287.17,0.09,1.41,0.0,2026-09-29T08:00:00Z,nodd,nodd
2026-09-29,san-jose-ca,01,2026-09-29T08:00:00Z,286.42,0.5,1.6,0.0,2026-09-29T09:00:00Z,nodd,nodd
2026-09-29,san-jose-ca,02,2026-09-29T09:00:00Z,285.74,0.09,1.55,0.0,2026-09-29T10:00:00Z,nodd,nodd
2026-09-29,san-jose-ca,03,2026-09-29T10:00:00Z,285.11,0.42,1.54,0.0,2026-09-29T11:00:00Z,nodd,nodd
2026-09-29,san-jose-ca,04,2026-09-29T11:00:00Z,284.53,0.8,1.54,0.0,2026-09-29T12:00:00Z,nodd,nodd
2026-09-29,san-jose-ca,05,2026-09-29T12:00:00Z,283.97,1.28,1.76,0.0,2026-09-29T13:00:00Z,nodd,nodd
2026-09-29,san-jose-ca,06,2026-09-29T13:00:00Z,283.41,0.2,0.43,0.0,2026-09-29T14:00:00Z,nodd,nodd
2026-09-29,san-jose-ca,07,2026-09-29T14:00:00Z,283.47,0.3,1.76,0.0,2026-09-29T15:00:00Z,nodd,nodd
2026-09-29,san-jose-ca,08,2026-09-29T15:00:00Z,284.71,0.69,1.96,0.0,2026-09-29T16:00:00Z,nodd,nodd
2026-09-29,san-jose-ca,09,2026-09-29T16:00:00Z,287.89,0.68,1.2,0.0,2026-09-29T17:00:00Z,nodd,nodd
2026-09-29,san-jose-ca,10,2026-09-29T17:00:00Z,290.84,1.15,2.91,0.0,2026-09-29T18:00:00Z,nodd,nodd
2026-09-29,san-jose-ca,11,2026-09-29T18:00:00Z,294.05,1.61,2.94,0.0,2026-09-29T19:00:00Z,nodd,nodd
2026-09-29,san-jose-ca,12,2026-09-29T19:00:00Z,298.41,2.25,3.78,,2026-09-29T20:00:00Z,nodd,
2026-09-29,norfolk-va,00,2026-09-29T04:00:00Z,293.2,1.34,2.84,0.0,2026-09-29T05:00:00Z,nodd,nodd
2026-09-29,norfolk-va,01,2026-09-29T05:00:00Z,292.91,0.31,2.44,0.0,2026-09-29T06:00:00Z,nodd,nodd
2026-09-29,norfolk-va,02,2026-09-29T06:00:00Z,292.96,0.93,2.33,0.0,2026-09-29T07:00:00Z,nodd,nodd
2026-09-29,norfolk-va,03,2026-09-29T07:00:00Z,292.71,1.3,3.24,0.0,2026-09-29T08:00:00Z,nodd,nodd
2026-09-29,norfolk-va,04,2026-09-29T08:00:00Z,292.73,0.0,1.76,0.0,2026-09-29T09:00:00Z,nodd,nodd
2026-09-29,norfolk-va,05,2026-09-29T09:00:00Z,292.59,0.85,1.73,0.0,2026-09-29T10:00:00Z,nodd,nodd
2026-09-29,norfolk-va,06,2026-09-29T10:00:00Z,292.46,0.34,1.46,0.0,2026-09-29T11:00:00Z,nodd,nodd
2026-09-29,norfolk-va,07,2026-09-29T11:00:00Z,292.54,0.64,1.62,0.0,2026-09-29T12:00:00Z,nodd,nodd
2026-09-29,norfolk-va,08,2026-09-29T12:00:00Z,292.93,0.81,2.04,0.0,2026-09-29T13:00:00Z,nodd,nodd
2026-09-29,norfolk-va,09,2026-09-29T13:00:00Z,293.89,0.59,1.7,0.0,2026-09-29T14:00:00Z,nodd,nodd
2026-09-29,norfolk-va,10,2026-09-29T14:00:00Z,294.94,1.55,2.05,0.0,2026-09-29T15:00:00Z,nodd,nodd
2026-09-29,norfolk-va,11,2026-09-29T15:00:00Z,296.13,2.09,2.3,0.0,2026-09-29T16:00:00Z,nodd,nodd
2026-09-29,norfolk-va,12,2026-09-29T16:00:00Z,296.76,2.34,2.66,0.0,2026-09-29T17:00:00Z,nodd,nodd
2026-09-29,norfolk-va,13,2026-09-29T17:00:00Z,297.22,2.65,3.14,0.0,2026-09-29T18:00:00Z,nodd,nodd
2026-09-29,norfolk-va,14,2026-09-29T18:00:00Z,297.59,3.16,3.7,0.0,2026-09-29T19:00:00Z,nodd,nodd
2026-09-29,norfolk-va,15,2026-09-29T19:00:00Z,298.18,3.21,3.5,,2026-09-29T20:00:00Z,nodd,
2026-09-29,jacksonville-fl,00,2026-09-29T04:00:00Z,296.8,1.79,1.79,0.0,2026-09-29T05:00:00Z,nodd,nodd
2026-09-29,jacksonville-fl,01,2026-09-29T05:00:00Z,296.32,1.39,3.87,0.0,2026-09-29T06:00:00Z,nodd,nodd
2026-09-29,jacksonville-fl,02,2026-09-29T06:00:00Z,296.25,2.55,3.43,0.0,2026-09-29T07:00:00Z,nodd,nodd
2026-09-29,jacksonville-fl,03,2026-09-29T07:00:00Z,295.53,2.26,2.26,0.0,2026-09-29T08:00:00Z,nodd,nodd
2026-09-29,jacksonville-fl,04,2026-09-29T08:00:00Z,295.18,0.02,2.43,0.0,2026-09-29T09:00:00Z,nodd,nodd
2026-09-29,jacksonville-fl,05,2026-09-29T09:00:00Z,294.73,1.21,3.72,0.0,2026-09-29T10:00:00Z,nodd,nodd
2026-09-29,jacksonville-fl,06,2026-09-29T10:00:00Z,294.31,0.51,1.92,0.0,2026-09-29T11:00:00Z,nodd,nodd
2026-09-29,jacksonville-fl,07,2026-09-29T11:00:00Z,294.0,0.86,1.9,0.0,2026-09-29T12:00:00Z,nodd,nodd
2026-09-29,jacksonville-fl,08,2026-09-29T12:00:00Z,294.2,0.51,0.76,0.0,2026-09-29T13:00:00Z,nodd,nodd
2026-09-29,jacksonville-fl,09,2026-09-29T13:00:00Z,295.29,0.45,0.56,0.0,2026-09-29T14:00:00Z,nodd,nodd
2026-09-29,jacksonville-fl,10,2026-09-29T14:00:00Z,296.92,1.5,1.82,0.0,2026-09-29T15:00:00Z,nodd,nodd
2026-09-29,jacksonville-fl,11,2026-09-29T15:00:00Z,299.41,0.82,1.09,0.0,2026-09-29T16:00:00Z,nodd,nodd
2026-09-29,jacksonville-fl,12,2026-09-29T16:00:00Z,302.02,2.38,2.78,0.0,2026-09-29T17:00:00Z,nodd,nodd
2026-09-29,jacksonville-fl,13,2026-09-29T17:00:00Z,303.76,1.91,1.91,0.0,2026-09-29T18:00:00Z,nodd,nodd
2026-09-29,jacksonville-fl,14,2026-09-29T18:00:00Z,304.52,2.44,2.44,0.0,2026-09-29T19:00:00Z,nodd,nodd
2026-09-29,jacksonville-fl,15,2026-09-29T19:00:00Z,304.53,2.75,2.75,,2026-09-29T20:00:00Z,nodd,
2026-09-29,providence-ri,00,2026-09-29T04:00:00Z,286.32,1.88,5.4,0.0,2026-09-29T05:00:00Z,nodd,nodd
2026-09-29,providence-ri,01,2026-09-29T05:00:00Z,286.09,1.45,4.8,0.0,2026-09-29T06:00:00Z,nodd,nodd
2026-09-29,providence-ri,02,2026-09-29T06:00:00Z,285.92,1.33,4.96,0.0,2026-09-29T07:00:00Z,nodd,nodd
2026-09-29,providence-ri,03,2026-09-29T07:00:00Z,285.85,0.75,3.32,0.0,2026-09-29T08:00:00Z,nodd,nodd
2026-09-29,providence-ri,04,2026-09-29T08:00:00Z,285.83,1.04,2.7,0.0,2026-09-29T09:00:00Z,nodd,nodd
2026-09-29,providence-ri,05,2026-09-29T09:00:00Z,286.12,1.43,2.15,0.0,2026-09-29T10:00:00Z,nodd,nodd
2026-09-29,providence-ri,06,2026-09-29T10:00:00Z,286.15,1.23,3.2,0.0,2026-09-29T11:00:00Z,nodd,nodd
2026-09-29,providence-ri,07,2026-09-29T11:00:00Z,286.04,1.01,2.21,0.0,2026-09-29T12:00:00Z,nodd,nodd
2026-09-29,providence-ri,08,2026-09-29T12:00:00Z,286.81,1.4,4.52,0.0,2026-09-29T13:00:00Z,nodd,nodd
2026-09-29,providence-ri,09,2026-09-29T13:00:00Z,287.67,1.92,4.16,0.0,2026-09-29T14:00:00Z,nodd,nodd
2026-09-29,providence-ri,10,2026-09-29T14:00:00Z,289.11,2.61,5.65,0.0,2026-09-29T15:00:00Z,nodd,nodd
2026-09-29,providence-ri,11,2026-09-29T15:00:00Z,290.01,1.63,4.56,0.0,2026-09-29T16:00:00Z,nodd,nodd
2026-09-29,providence-ri,12,2026-09-29T16:00:00Z,290.51,1.39,3.84,0.0,2026-09-29T17:00:00Z,nodd,nodd
2026-09-29,providence-ri,13,2026-09-29T17:00:00Z,291.12,2.24,3.39,0.0,2026-09-29T18:00:00Z,nodd,nodd
2026-09-29,providence-ri,14,2026-09-29T18:00:00Z,291.41,1.91,4.45,0.0,2026-09-29T19:00:00Z,nodd,nodd
2026-09-29,providence-ri,15,2026-09-29T19:00:00Z,291.21,2.48,4.75,,2026-09-29T20:00:00Z,nodd,
2026-09-29,milwaukee-wi,00,2026-09-29T05:00:00Z,285.94,1.28,1.78,0.0,2026-09-29T06:00:00Z,nodd,nodd
2026-09-29,milwaukee-wi,01,2026-09-29T06:00:00Z,285.62,1.16,2.79,0.0,2026-09-29T07:00:00Z,nodd,nodd
2026-09-29,milwaukee-wi,02,2026-09-29T07:00:00Z,285.09,1.29,1.29,0.0,2026-09-29T08:00:00Z,nodd,nodd
2026-09-29,milwaukee-wi,03,2026-09-29T08:00:00Z,284.77,1.05,1.26,0.0,2026-09-29T09:00:00Z,nodd,nodd
2026-09-29,milwaukee-wi,04,2026-09-29T09:00:00Z,284.41,0.45,0.62,0.0,2026-09-29T10:00:00Z,nodd,nodd
2026-09-29,milwaukee-wi,05,2026-09-29T10:00:00Z,284.28,0.11,1.32,0.0,2026-09-29T11:00:00Z,nodd,nodd
2026-09-29,milwaukee-wi,06,2026-09-29T11:00:00Z,284.24,0.01,0.63,0.0,2026-09-29T12:00:00Z,nodd,nodd
2026-09-29,milwaukee-wi,07,2026-09-29T12:00:00Z,284.22,0.29,1.37,0.0,2026-09-29T13:00:00Z,nodd,nodd
2026-09-29,milwaukee-wi,08,2026-09-29T13:00:00Z,285.65,0.0,0.01,0.0,2026-09-29T14:00:00Z,nodd,nodd
2026-09-29,milwaukee-wi,09,2026-09-29T14:00:00Z,288.59,0.18,1.01,0.0,2026-09-29T15:00:00Z,nodd,nodd
2026-09-29,milwaukee-wi,10,2026-09-29T15:00:00Z,290.53,2.36,4.05,0.0,2026-09-29T16:00:00Z,nodd,nodd
2026-09-29,milwaukee-wi,11,2026-09-29T16:00:00Z,291.82,3.1,4.5,0.0,2026-09-29T17:00:00Z,nodd,nodd
2026-09-29,milwaukee-wi,12,2026-09-29T17:00:00Z,292.07,4.55,4.55,0.0,2026-09-29T18:00:00Z,nodd,nodd
2026-09-29,milwaukee-wi,13,2026-09-29T18:00:00Z,292.99,4.04,4.91,0.0,2026-09-29T19:00:00Z,nodd,nodd
2026-09-29,milwaukee-wi,14,2026-09-29T19:00:00Z,294.02,2.87,4.21,,2026-09-29T20:00:00Z,nodd,
2026-09-29,raleigh-nc,00,2026-09-29T04:00:00Z,293.07,0.0,0.47,0.0,2026-09-29T05:00:00Z,nodd,nodd
2026-09-29,raleigh-nc,01,2026-09-29T05:00:00Z,292.53,0.42,0.51,0.0,2026-09-29T06:00:00Z,nodd,nodd
2026-09-29,raleigh-nc,02,2026-09-29T06:00:00Z,292.23,0.4,1.28,0.0,2026-09-29T07:00:00Z,nodd,nodd
2026-09-29,raleigh-nc,03,2026-09-29T07:00:00Z,292.07,1.06,1.06,0.0,2026-09-29T08:00:00Z,nodd,nodd
2026-09-29,raleigh-nc,04,2026-09-29T08:00:00Z,292.12,0.0,0.63,0.0,2026-09-29T09:00:00Z,nodd,nodd
2026-09-29,raleigh-nc,05,2026-09-29T09:00:00Z,292.18,0.12,0.12,0.0,2026-09-29T10:00:00Z,nodd,nodd
2026-09-29,raleigh-nc,06,2026-09-29T10:00:00Z,291.91,0.32,0.4,0.0,2026-09-29T11:00:00Z,nodd,nodd
2026-09-29,raleigh-nc,07,2026-09-29T11:00:00Z,291.14,1.43,1.43,0.0,2026-09-29T12:00:00Z,nodd,nodd
2026-09-29,raleigh-nc,08,2026-09-29T12:00:00Z,291.05,0.95,0.95,0.0,2026-09-29T13:00:00Z,nodd,nodd
2026-09-29,raleigh-nc,09,2026-09-29T13:00:00Z,293.11,1.5,1.93,0.0,2026-09-29T14:00:00Z,nodd,nodd
2026-09-29,raleigh-nc,10,2026-09-29T14:00:00Z,296.01,1.42,1.42,0.0,2026-09-29T15:00:00Z,nodd,nodd
2026-09-29,raleigh-nc,11,2026-09-29T15:00:00Z,298.31,1.18,1.99,0.0,2026-09-29T16:00:00Z,nodd,nodd
2026-09-29,raleigh-nc,12,2026-09-29T16:00:00Z,299.66,1.65,3.03,0.0,2026-09-29T17:00:00Z,nodd,nodd
2026-09-29,raleigh-nc,13,2026-09-29T17:00:00Z,300.14,1.58,2.12,0.0,2026-09-29T18:00:00Z,nodd,nodd
2026-09-29,raleigh-nc,14,2026-09-29T18:00:00Z,300.38,0.95,1.9,0.0,2026-09-29T19:00:00Z,nodd,nodd
2026-09-29,raleigh-nc,15,2026-09-29T19:00:00Z,300.43,0.91,1.95,,2026-09-29T20:00:00Z,nodd,
2026-09-29,oklahoma-city-ok,00,2026-09-29T05:00:00Z,298.15,3.58,5.13,0.0,2026-09-29T06:00:00Z,nodd,nodd
2026-09-29,oklahoma-city-ok,01,2026-09-29T06:00:00Z,297.61,4.05,5.67,0.0,2026-09-29T07:00:00Z,nodd,nodd
2026-09-29,oklahoma-city-ok,02,2026-09-29T07:00:00Z,297.44,4.49,6.76,0.0,2026-09-29T08:00:00Z,nodd,nodd
2026-09-29,oklahoma-city-ok,03,2026-09-29T08:00:00Z,298.0,4.12,7.04,0.0,2026-09-29T09:00:00Z,nodd,nodd
2026-09-29,oklahoma-city-ok,04,2026-09-29T09:00:00Z,297.32,4.9,8.76,0.0,2026-09-29T10:00:00Z,nodd,nodd
2026-09-29,oklahoma-city-ok,05,2026-09-29T10:00:00Z,297.12,4.74,7.74,0.0,2026-09-29T11:00:00Z,nodd,nodd
2026-09-29,oklahoma-city-ok,06,2026-09-29T11:00:00Z,297.16,4.59,9.4,0.0,2026-09-29T12:00:00Z,nodd,nodd
2026-09-29,oklahoma-city-ok,07,2026-09-29T12:00:00Z,297.15,4.91,6.42,0.0,2026-09-29T13:00:00Z,nodd,nodd
2026-09-29,oklahoma-city-ok,08,2026-09-29T13:00:00Z,297.22,5.89,10.51,0.0,2026-09-29T14:00:00Z,nodd,nodd
2026-09-29,oklahoma-city-ok,09,2026-09-29T14:00:00Z,297.13,4.8,8.17,0.0,2026-09-29T15:00:00Z,nodd,nodd
2026-09-29,oklahoma-city-ok,10,2026-09-29T15:00:00Z,297.56,3.65,7.54,0.0,2026-09-29T16:00:00Z,nodd,nodd
2026-09-29,oklahoma-city-ok,11,2026-09-29T16:00:00Z,299.12,4.05,6.36,0.0,2026-09-29T17:00:00Z,nodd,nodd
2026-09-29,oklahoma-city-ok,12,2026-09-29T17:00:00Z,300.32,4.68,7.17,0.0,2026-09-29T18:00:00Z,nodd,nodd
2026-09-29,oklahoma-city-ok,13,2026-09-29T18:00:00Z,302.15,4.61,9.2,0.0,2026-09-29T19:00:00Z,nodd,nodd
2026-09-29,oklahoma-city-ok,14,2026-09-29T19:00:00Z,303.01,5.93,10.41,,2026-09-29T20:00:00Z,nodd,
2026-09-29,louisville-ky,00,2026-09-29T04:00:00Z,288.94,0.99,2.0,0.0,2026-09-29T05:00:00Z,nodd,nodd
2026-09-29,louisville-ky,01,2026-09-29T05:00:00Z,288.03,0.04,0.52,0.0,2026-09-29T06:00:00Z,nodd,nodd
2026-09-29,louisville-ky,02,2026-09-29T06:00:00Z,287.71,0.96,2.5,0.0,2026-09-29T07:00:00Z,nodd,nodd
2026-09-29,louisville-ky,03,2026-09-29T07:00:00Z,286.73,0.23,1.63,0.0,2026-09-29T08:00:00Z,nodd,nodd
2026-09-29,louisville-ky,04,2026-09-29T08:00:00Z,286.46,0.15,1.71,0.0,2026-09-29T09:00:00Z,nodd,nodd
2026-09-29,louisville-ky,05,2026-09-29T09:00:00Z,285.83,1.1,1.52,0.0,2026-09-29T10:00:00Z,nodd,nodd
2026-09-29,louisville-ky,06,2026-09-29T10:00:00Z,285.45,0.0,1.49,0.0,2026-09-29T11:00:00Z,nodd,nodd
2026-09-29,louisville-ky,07,2026-09-29T11:00:00Z,284.92,0.05,0.27,0.0,2026-09-29T12:00:00Z,nodd,nodd
2026-09-29,louisville-ky,08,2026-09-29T12:00:00Z,284.81,0.0,0.17,0.0,2026-09-29T13:00:00Z,nodd,nodd
2026-09-29,louisville-ky,09,2026-09-29T13:00:00Z,285.98,0.01,0.51,0.0,2026-09-29T14:00:00Z,nodd,nodd
2026-09-29,louisville-ky,10,2026-09-29T14:00:00Z,290.16,0.4,0.93,0.0,2026-09-29T15:00:00Z,nodd,nodd
2026-09-29,louisville-ky,11,2026-09-29T15:00:00Z,293.88,0.0,2.04,0.0,2026-09-29T16:00:00Z,nodd,nodd
2026-09-29,louisville-ky,12,2026-09-29T16:00:00Z,296.87,0.27,2.16,0.0,2026-09-29T17:00:00Z,nodd,nodd
2026-09-29,louisville-ky,13,2026-09-29T17:00:00Z,298.74,1.64,2.73,0.0,2026-09-29T18:00:00Z,nodd,nodd
2026-09-29,louisville-ky,14,2026-09-29T18:00:00Z,299.65,1.84,3.02,0.0,2026-09-29T19:00:00Z,nodd,nodd
2026-09-29,louisville-ky,15,2026-09-29T19:00:00Z,300.34,1.34,2.28,,2026-09-29T20:00:00Z,nodd,
2026-09-29,richmond-va,00,2026-09-29T04:00:00Z,292.59,1.57,1.57,0.0,2026-09-29T05:00:00Z,nodd,nodd
2026-09-29,richmond-va,01,2026-09-29T05:00:00Z,292.37,0.76,2.26,0.0,2026-09-29T06:00:00Z,nodd,nodd
2026-09-29,richmond-va,02,2026-09-29T06:00:00Z,291.95,0.53,2.39,0.0,2026-09-29T07:00:00Z,nodd,nodd
2026-09-29,richmond-va,03,2026-09-29T07:00:00Z,291.66,0.11,1.18,0.0,2026-09-29T08:00:00Z,nodd,nodd
2026-09-29,richmond-va,04,2026-09-29T08:00:00Z,291.62,0.88,0.88,0.0,2026-09-29T09:00:00Z,nodd,nodd
2026-09-29,richmond-va,05,2026-09-29T09:00:00Z,291.49,0.92,0.92,0.0,2026-09-29T10:00:00Z,nodd,nodd
2026-09-29,richmond-va,06,2026-09-29T10:00:00Z,291.46,0.5,1.48,0.0,2026-09-29T11:00:00Z,nodd,nodd
2026-09-29,richmond-va,07,2026-09-29T11:00:00Z,291.32,0.0,0.84,0.0,2026-09-29T12:00:00Z,nodd,nodd
2026-09-29,richmond-va,08,2026-09-29T12:00:00Z,291.59,0.01,0.79,0.0,2026-09-29T13:00:00Z,nodd,nodd
2026-09-29,richmond-va,09,2026-09-29T13:00:00Z,292.53,1.54,1.54,0.0,2026-09-29T14:00:00Z,nodd,nodd
2026-09-29,richmond-va,10,2026-09-29T14:00:00Z,293.63,0.75,1.27,0.0,2026-09-29T15:00:00Z,nodd,nodd
2026-09-29,richmond-va,11,2026-09-29T15:00:00Z,294.81,1.49,1.49,0.0,2026-09-29T16:00:00Z,nodd,nodd
2026-09-29,richmond-va,12,2026-09-29T16:00:00Z,295.93,0.25,1.43,0.0,2026-09-29T17:00:00Z,nodd,nodd
2026-09-29,richmond-va,13,2026-09-29T17:00:00Z,296.52,1.08,2.17,0.0,2026-09-29T18:00:00Z,nodd,nodd
2026-09-29,richmond-va,14,2026-09-29T18:00:00Z,297.27,1.16,2.69,0.0,2026-09-29T19:00:00Z,nodd,nodd
2026-09-29,richmond-va,15,2026-09-29T19:00:00Z,297.1,1.24,2.85,,2026-09-29T20:00:00Z,nodd,
2026-09-29,memphis-tn,00,2026-09-29T05:00:00Z,291.8,1.5,5.41,0.0,2026-09-29T06:00:00Z,nodd,nodd
2026-09-29,memphis-tn,01,2026-09-29T06:00:00Z,291.33,1.03,4.69,0.0,2026-09-29T07:00:00Z,nodd,nodd
2026-09-29,memphis-tn,02,2026-09-29T07:00:00Z,290.56,1.75,5.65,0.0,2026-09-29T08:00:00Z,nodd,nodd
2026-09-29,memphis-tn,03,2026-09-29T08:00:00Z,290.69,1.62,4.46,0.0,2026-09-29T09:00:00Z,nodd,nodd
2026-09-29,memphis-tn,04,2026-09-29T09:00:00Z,290.05,1.17,4.3,0.0,2026-09-29T10:00:00Z,nodd,nodd
2026-09-29,memphis-tn,05,2026-09-29T10:00:00Z,289.06,0.72,4.0,0.0,2026-09-29T11:00:00Z,nodd,nodd
2026-09-29,memphis-tn,06,2026-09-29T11:00:00Z,288.92,0.35,2.21,0.0,2026-09-29T12:00:00Z,nodd,nodd
2026-09-29,memphis-tn,07,2026-09-29T12:00:00Z,288.4,0.48,1.81,0.0,2026-09-29T13:00:00Z,nodd,nodd
2026-09-29,memphis-tn,08,2026-09-29T13:00:00Z,289.61,0.69,3.0,0.0,2026-09-29T14:00:00Z,nodd,nodd
2026-09-29,memphis-tn,09,2026-09-29T14:00:00Z,293.48,2.61,3.32,0.0,2026-09-29T15:00:00Z,nodd,nodd
2026-09-29,memphis-tn,10,2026-09-29T15:00:00Z,297.59,2.4,4.17,0.0,2026-09-29T16:00:00Z,nodd,nodd
2026-09-29,memphis-tn,11,2026-09-29T16:00:00Z,300.64,1.57,2.78,0.0,2026-09-29T17:00:00Z,nodd,nodd
2026-09-29,memphis-tn,12,2026-09-29T17:00:00Z,302.63,1.69,2.47,0.0,2026-09-29T18:00:00Z,nodd,nodd
2026-09-29,memphis-tn,13,2026-09-29T18:00:00Z,303.78,0.57,2.76,0.0,2026-09-29T19:00:00Z,nodd,nodd
2026-09-29,memphis-tn,14,2026-09-29T19:00:00Z,304.21,0.15,1.21,,2026-09-29T20:00:00Z,nodd,
2026-09-29,salt-lake-city-ut,00,2026-09-29T06:00:00Z,286.75,0.67,0.67,0.0,2026-09-29T07:00:00Z,nodd,nodd
2026-09-29,salt-lake-city-ut,01,2026-09-29T07:00:00Z,286.26,1.42,3.89,0.0,2026-09-29T08:00:00Z,nodd,nodd
2026-09-29,salt-lake-city-ut,02,2026-09-29T08:00:00Z,285.68,0.41,1.51,0.0,2026-09-29T09:00:00Z,nodd,nodd
2026-09-29,salt-lake-city-ut,03,2026-09-29T09:00:00Z,285.76,0.0,0.73,0.0,2026-09-29T10:00:00Z,nodd,nodd
2026-09-29,salt-lake-city-ut,04,2026-09-29T10:00:00Z,286.14,0.74,1.68,0.0,2026-09-29T11:00:00Z,nodd,nodd
2026-09-29,salt-lake-city-ut,05,2026-09-29T11:00:00Z,285.72,0.07,1.23,0.0,2026-09-29T12:00:00Z,nodd,nodd
2026-09-29,salt-lake-city-ut,06,2026-09-29T12:00:00Z,285.44,1.23,1.55,0.0,2026-09-29T13:00:00Z,nodd,nodd
2026-09-29,salt-lake-city-ut,07,2026-09-29T13:00:00Z,285.76,1.13,2.66,0.0,2026-09-29T14:00:00Z,nodd,nodd
2026-09-29,salt-lake-city-ut,08,2026-09-29T14:00:00Z,284.91,1.33,1.44,0.0,2026-09-29T15:00:00Z,nodd,nodd
2026-09-29,salt-lake-city-ut,09,2026-09-29T15:00:00Z,287.37,0.85,1.96,0.0,2026-09-29T16:00:00Z,nodd,nodd
2026-09-29,salt-lake-city-ut,10,2026-09-29T16:00:00Z,289.05,1.99,3.05,0.0,2026-09-29T17:00:00Z,nodd,nodd
2026-09-29,salt-lake-city-ut,11,2026-09-29T17:00:00Z,290.34,2.65,4.65,0.0,2026-09-29T18:00:00Z,nodd,nodd
2026-09-29,salt-lake-city-ut,12,2026-09-29T18:00:00Z,291.85,3.17,3.66,0.0,2026-09-29T19:00:00Z,nodd,nodd
2026-09-29,salt-lake-city-ut,13,2026-09-29T19:00:00Z,293.44,3.76,6.98,,2026-09-29T20:00:00Z,nodd,
2026-09-29,birmingham-al,00,2026-09-29T05:00:00Z,289.19,0.0,3.0,0.0,2026-09-29T06:00:00Z,nodd,nodd
2026-09-29,birmingham-al,01,2026-09-29T06:00:00Z,288.86,0.02,3.09,0.0,2026-09-29T07:00:00Z,nodd,nodd
2026-09-29,birmingham-al,02,2026-09-29T07:00:00Z,287.71,0.35,2.64,0.0,2026-09-29T08:00:00Z,nodd,nodd
2026-09-29,birmingham-al,03,2026-09-29T08:00:00Z,287.88,1.24,1.61,0.0,2026-09-29T09:00:00Z,nodd,nodd
2026-09-29,birmingham-al,04,2026-09-29T09:00:00Z,287.51,0.0,3.19,0.0,2026-09-29T10:00:00Z,nodd,nodd
2026-09-29,birmingham-al,05,2026-09-29T10:00:00Z,286.81,0.0,2.47,0.0,2026-09-29T11:00:00Z,nodd,nodd
2026-09-29,birmingham-al,06,2026-09-29T11:00:00Z,286.47,0.0,5.24,0.0,2026-09-29T12:00:00Z,nodd,nodd
2026-09-29,birmingham-al,07,2026-09-29T12:00:00Z,286.06,0.0,4.79,0.0,2026-09-29T13:00:00Z,nodd,nodd
2026-09-29,birmingham-al,08,2026-09-29T13:00:00Z,287.86,0.0,1.76,0.0,2026-09-29T14:00:00Z,nodd,nodd
2026-09-29,birmingham-al,09,2026-09-29T14:00:00Z,292.79,0.0,2.69,0.0,2026-09-29T15:00:00Z,nodd,nodd
2026-09-29,birmingham-al,10,2026-09-29T15:00:00Z,297.09,1.39,1.66,0.0,2026-09-29T16:00:00Z,nodd,nodd
2026-09-29,birmingham-al,11,2026-09-29T16:00:00Z,299.52,1.28,1.28,0.0,2026-09-29T17:00:00Z,nodd,nodd
2026-09-29,birmingham-al,12,2026-09-29T17:00:00Z,301.66,0.3,1.53,0.0,2026-09-29T18:00:00Z,nodd,nodd
2026-09-29,birmingham-al,13,2026-09-29T18:00:00Z,302.82,3.18,3.18,0.0,2026-09-29T19:00:00Z,nodd,nodd
2026-09-29,birmingham-al,14,2026-09-29T19:00:00Z,303.53,0.71,1.71,,2026-09-29T20:00:00Z,nodd,
2026-09-29,fresno-ca,00,2026-09-29T07:00:00Z,292.36,0.0,1.45,0.0,2026-09-29T08:00:00Z,nodd,nodd
2026-09-29,fresno-ca,01,2026-09-29T08:00:00Z,292.24,0.42,0.75,0.0,2026-09-29T09:00:00Z,nodd,nodd
2026-09-29,fresno-ca,02,2026-09-29T09:00:00Z,291.05,0.96,1.6,0.0,2026-09-29T10:00:00Z,nodd,nodd
2026-09-29,fresno-ca,03,2026-09-29T10:00:00Z,290.12,1.19,1.88,0.0,2026-09-29T11:00:00Z,nodd,nodd
2026-09-29,fresno-ca,04,2026-09-29T11:00:00Z,289.4,1.15,2.4,0.0,2026-09-29T12:00:00Z,nodd,nodd
2026-09-29,fresno-ca,05,2026-09-29T12:00:00Z,288.72,1.8,3.04,0.0,2026-09-29T13:00:00Z,nodd,nodd
2026-09-29,fresno-ca,06,2026-09-29T13:00:00Z,287.92,1.58,1.96,0.0,2026-09-29T14:00:00Z,nodd,nodd
2026-09-29,fresno-ca,07,2026-09-29T14:00:00Z,288.13,0.63,3.13,0.0,2026-09-29T15:00:00Z,nodd,nodd
2026-09-29,fresno-ca,08,2026-09-29T15:00:00Z,289.44,1.49,2.32,0.0,2026-09-29T16:00:00Z,nodd,nodd
2026-09-29,fresno-ca,09,2026-09-29T16:00:00Z,291.98,1.11,1.52,0.0,2026-09-29T17:00:00Z,nodd,nodd
2026-09-29,fresno-ca,10,2026-09-29T17:00:00Z,294.55,1.29,2.32,0.0,2026-09-29T18:00:00Z,nodd,nodd
2026-09-29,fresno-ca,11,2026-09-29T18:00:00Z,296.52,1.83,3.47,0.0,2026-09-29T19:00:00Z,nodd,nodd
2026-09-29,fresno-ca,12,2026-09-29T19:00:00Z,298.1,1.92,4.77,,2026-09-29T20:00:00Z,nodd,
2026-09-29,grand-rapids-mi,00,2026-09-29T04:00:00Z,286.43,1.04,1.04,0.0,2026-09-29T05:00:00Z,nodd,nodd
2026-09-29,grand-rapids-mi,01,2026-09-29T05:00:00Z,285.69,1.15,1.15,0.0,2026-09-29T06:00:00Z,nodd,nodd
2026-09-29,grand-rapids-mi,02,2026-09-29T06:00:00Z,285.18,1.28,1.47,0.0,2026-09-29T07:00:00Z,nodd,nodd
2026-09-29,grand-rapids-mi,03,2026-09-29T07:00:00Z,284.54,0.29,1.72,0.0,2026-09-29T08:00:00Z,nodd,nodd
2026-09-29,grand-rapids-mi,04,2026-09-29T08:00:00Z,284.62,0.79,1.52,0.0,2026-09-29T09:00:00Z,nodd,nodd
2026-09-29,grand-rapids-mi,05,2026-09-29T09:00:00Z,284.12,0.04,0.61,0.0,2026-09-29T10:00:00Z,nodd,nodd
2026-09-29,grand-rapids-mi,06,2026-09-29T10:00:00Z,283.69,1.54,1.54,0.0,2026-09-29T11:00:00Z,nodd,nodd
2026-09-29,grand-rapids-mi,07,2026-09-29T11:00:00Z,283.26,1.06,1.14,0.0,2026-09-29T12:00:00Z,nodd,nodd
2026-09-29,grand-rapids-mi,08,2026-09-29T12:00:00Z,282.72,1.22,1.8,0.0,2026-09-29T13:00:00Z,nodd,nodd
2026-09-29,grand-rapids-mi,09,2026-09-29T13:00:00Z,285.12,0.27,2.74,0.0,2026-09-29T14:00:00Z,nodd,nodd
2026-09-29,grand-rapids-mi,10,2026-09-29T14:00:00Z,288.87,0.68,0.68,0.0,2026-09-29T15:00:00Z,nodd,nodd
2026-09-29,grand-rapids-mi,11,2026-09-29T15:00:00Z,292.23,2.09,2.53,0.0,2026-09-29T16:00:00Z,nodd,nodd
2026-09-29,grand-rapids-mi,12,2026-09-29T16:00:00Z,294.6,2.23,4.0,0.0,2026-09-29T17:00:00Z,nodd,nodd
2026-09-29,grand-rapids-mi,13,2026-09-29T17:00:00Z,295.87,2.46,5.13,0.0,2026-09-29T18:00:00Z,nodd,nodd
2026-09-29,grand-rapids-mi,14,2026-09-29T18:00:00Z,296.86,2.63,5.76,0.0,2026-09-29T19:00:00Z,nodd,nodd
2026-09-29,grand-rapids-mi,15,2026-09-29T19:00:00Z,297.72,3.74,4.04,,2026-09-29T20:00:00Z,nodd,
2026-09-29,hartford-ct,00,2026-09-29T04:00:00Z,286.19,1.63,3.59,0.0,2026-09-29T05:00:00Z,nodd,nodd
2026-09-29,hartford-ct,01,2026-09-29T05:00:00Z,286.23,1.22,3.49,0.0,2026-09-29T06:00:00Z,nodd,nodd
2026-09-29,hartford-ct,02,2026-09-29T06:00:00Z,286.2,1.52,2.23,0.0,2026-09-29T07:00:00Z,nodd,nodd
2026-09-29,hartford-ct,03,2026-09-29T07:00:00Z,286.27,2.29,2.47,0.0,2026-09-29T08:00:00Z,nodd,nodd
2026-09-29,hartford-ct,04,2026-09-29T08:00:00Z,286.49,0.0,0.51,0.0,2026-09-29T09:00:00Z,nodd,nodd
2026-09-29,hartford-ct,05,2026-09-29T09:00:00Z,286.12,0.0,1.24,0.0,2026-09-29T10:00:00Z,nodd,nodd
2026-09-29,hartford-ct,06,2026-09-29T10:00:00Z,286.0,0.67,2.02,0.0,2026-09-29T11:00:00Z,nodd,nodd
2026-09-29,hartford-ct,07,2026-09-29T11:00:00Z,286.2,0.32,0.88,0.0,2026-09-29T12:00:00Z,nodd,nodd
2026-09-29,hartford-ct,08,2026-09-29T12:00:00Z,286.87,0.89,0.89,0.0,2026-09-29T13:00:00Z,nodd,nodd
2026-09-29,hartford-ct,09,2026-09-29T13:00:00Z,288.67,1.24,4.45,0.0,2026-09-29T14:00:00Z,nodd,nodd
2026-09-29,hartford-ct,10,2026-09-29T14:00:00Z,290.79,3.12,7.23,0.0,2026-09-29T15:00:00Z,nodd,nodd
2026-09-29,hartford-ct,11,2026-09-29T15:00:00Z,292.17,4.45,5.18,0.0,2026-09-29T16:00:00Z,nodd,nodd
2026-09-29,hartford-ct,12,2026-09-29T16:00:00Z,292.57,3.57,5.95,0.0,2026-09-29T17:00:00Z,nodd,nodd
2026-09-29,hartford-ct,13,2026-09-29T17:00:00Z,293.09,3.53,6.97,0.0,2026-09-29T18:00:00Z,nodd,nodd
2026-09-29,hartford-ct,14,2026-09-29T18:00:00Z,293.25,2.91,5.66,0.0,2026-09-29T19:00:00Z,nodd,nodd
2026-09-29,hartford-ct,15,2026-09-29T19:00:00Z,293.71,2.68,4.5,,2026-09-29T20:00:00Z,nodd,
2026-09-29,omaha-ne,00,2026-09-29T05:00:00Z,291.8,2.68,4.82,0.0,2026-09-29T06:00:00Z,nodd,nodd
2026-09-29,omaha-ne,01,2026-09-29T06:00:00Z,291.38,2.42,4.03,0.0,2026-09-29T07:00:00Z,nodd,nodd
2026-09-29,omaha-ne,02,2026-09-29T07:00:00Z,291.12,2.63,3.98,0.0,2026-09-29T08:00:00Z,nodd,nodd
2026-09-29,omaha-ne,03,2026-09-29T08:00:00Z,291.21,2.82,3.69,0.0,2026-09-29T09:00:00Z,nodd,nodd
2026-09-29,omaha-ne,04,2026-09-29T09:00:00Z,291.35,2.13,4.04,0.0,2026-09-29T10:00:00Z,nodd,nodd
2026-09-29,omaha-ne,05,2026-09-29T10:00:00Z,291.15,2.71,6.16,0.0,2026-09-29T11:00:00Z,nodd,nodd
2026-09-29,omaha-ne,06,2026-09-29T11:00:00Z,291.31,2.66,4.61,0.0,2026-09-29T12:00:00Z,nodd,nodd
2026-09-29,omaha-ne,07,2026-09-29T12:00:00Z,291.3,3.35,6.71,0.0,2026-09-29T13:00:00Z,nodd,nodd
2026-09-29,omaha-ne,08,2026-09-29T13:00:00Z,291.07,3.2,7.83,0.0,2026-09-29T14:00:00Z,nodd,nodd
2026-09-29,omaha-ne,09,2026-09-29T14:00:00Z,291.91,5.04,6.16,1.3125,2026-09-29T15:00:00Z,nodd,nodd
2026-09-29,omaha-ne,10,2026-09-29T15:00:00Z,290.75,3.1,6.67,0.0,2026-09-29T16:00:00Z,nodd,nodd
2026-09-29,omaha-ne,11,2026-09-29T16:00:00Z,292.28,3.59,7.27,1.96875,2026-09-29T17:00:00Z,nodd,nodd
2026-09-29,omaha-ne,12,2026-09-29T17:00:00Z,291.16,1.69,6.14,0.0,2026-09-29T18:00:00Z,nodd,nodd
2026-09-29,omaha-ne,13,2026-09-29T18:00:00Z,293.87,2.47,6.64,0.0,2026-09-29T19:00:00Z,nodd,nodd
2026-09-29,omaha-ne,14,2026-09-29T19:00:00Z,295.28,1.58,5.46,,2026-09-29T20:00:00Z,nodd,
2026-09-29,new-orleans-la,00,2026-09-29T05:00:00Z,298.88,0.57,2.98,0.0,2026-09-29T06:00:00Z,nodd,nodd
2026-09-29,new-orleans-la,01,2026-09-29T06:00:00Z,298.42,0.81,1.88,0.0,2026-09-29T07:00:00Z,nodd,nodd
2026-09-29,new-orleans-la,02,2026-09-29T07:00:00Z,298.13,0.33,0.51,0.0,2026-09-29T08:00:00Z,nodd,nodd
2026-09-29,new-orleans-la,03,2026-09-29T08:00:00Z,297.94,0.37,0.8,0.0,2026-09-29T09:00:00Z,nodd,nodd
2026-09-29,new-orleans-la,04,2026-09-29T09:00:00Z,297.54,0.06,0.28,0.0,2026-09-29T10:00:00Z,nodd,nodd
2026-09-29,new-orleans-la,05,2026-09-29T10:00:00Z,297.27,0.0,1.09,0.0,2026-09-29T11:00:00Z,nodd,nodd
2026-09-29,new-orleans-la,06,2026-09-29T11:00:00Z,297.11,0.83,1.77,0.0,2026-09-29T12:00:00Z,nodd,nodd
2026-09-29,new-orleans-la,07,2026-09-29T12:00:00Z,296.98,0.0,1.58,0.0,2026-09-29T13:00:00Z,nodd,nodd
2026-09-29,new-orleans-la,08,2026-09-29T13:00:00Z,298.9,0.36,1.03,0.0,2026-09-29T14:00:00Z,nodd,nodd
2026-09-29,new-orleans-la,09,2026-09-29T14:00:00Z,301.36,0.79,0.91,0.0,2026-09-29T15:00:00Z,nodd,nodd
2026-09-29,new-orleans-la,10,2026-09-29T15:00:00Z,302.36,0.8,1.3,0.0,2026-09-29T16:00:00Z,nodd,nodd
2026-09-29,new-orleans-la,11,2026-09-29T16:00:00Z,303.39,0.91,2.24,0.0,2026-09-29T17:00:00Z,nodd,nodd
2026-09-29,new-orleans-la,12,2026-09-29T17:00:00Z,304.11,1.74,2.43,0.0,2026-09-29T18:00:00Z,nodd,nodd
2026-09-29,new-orleans-la,13,2026-09-29T18:00:00Z,304.36,2.84,4.48,0.0,2026-09-29T19:00:00Z,nodd,nodd
2026-09-29,new-orleans-la,14,2026-09-29T19:00:00Z,304.55,3.79,4.56,,2026-09-29T20:00:00Z,nodd,
2026-09-29,albuquerque-nm,00,2026-09-29T06:00:00Z,289.54,0.94,5.75,0.328125,2026-09-29T07:00:00Z,nodd,nodd
2026-09-29,albuquerque-nm,01,2026-09-29T07:00:00Z,289.54,4.34,8.66,0.65625,2026-09-29T08:00:00Z,nodd,nodd
2026-09-29,albuquerque-nm,02,2026-09-29T08:00:00Z,289.29,1.28,5.57,0.359375,2026-09-29T09:00:00Z,nodd,nodd
2026-09-29,albuquerque-nm,03,2026-09-29T09:00:00Z,289.22,0.84,1.07,2.03125,2026-09-29T10:00:00Z,nodd,nodd
2026-09-29,albuquerque-nm,04,2026-09-29T10:00:00Z,288.65,3.62,3.62,0.5625,2026-09-29T11:00:00Z,nodd,nodd
2026-09-29,albuquerque-nm,05,2026-09-29T11:00:00Z,287.95,3.31,10.2,2.03125,2026-09-29T12:00:00Z,nodd,nodd
2026-09-29,albuquerque-nm,06,2026-09-29T12:00:00Z,287.88,1.31,5.68,0.125,2026-09-29T13:00:00Z,nodd,nodd
2026-09-29,albuquerque-nm,07,2026-09-29T13:00:00Z,287.6,1.57,3.5,0.0,2026-09-29T14:00:00Z,nodd,nodd
2026-09-29,albuquerque-nm,08,2026-09-29T14:00:00Z,287.59,2.31,2.31,0.625,2026-09-29T15:00:00Z,nodd,nodd
2026-09-29,albuquerque-nm,09,2026-09-29T15:00:00Z,287.73,1.19,5.13,1.84375,2026-09-29T16:00:00Z,nodd,nodd
2026-09-29,albuquerque-nm,10,2026-09-29T16:00:00Z,287.78,3.29,7.01,1.34375,2026-09-29T17:00:00Z,nodd,nodd
2026-09-29,albuquerque-nm,11,2026-09-29T17:00:00Z,287.85,0.0,0.64,1.875,2026-09-29T18:00:00Z,nodd,nodd
2026-09-29,albuquerque-nm,12,2026-09-29T18:00:00Z,288.06,0.0,5.69,1.4375,2026-09-29T19:00:00Z,nodd,nodd
2026-09-29,albuquerque-nm,13,2026-09-29T19:00:00Z,288.25,1.63,4.35,,2026-09-29T20:00:00Z,nodd,
2026-09-29,charleston-sc,00,2026-09-29T04:00:00Z,294.53,0.28,1.43,0.0,2026-09-29T05:00:00Z,nodd,nodd
2026-09-29,charleston-sc,01,2026-09-29T05:00:00Z,293.75,1.17,2.79,0.0,2026-09-29T06:00:00Z,nodd,nodd
2026-09-29,charleston-sc,02,2026-09-29T06:00:00Z,293.25,0.67,2.35,0.0,2026-09-29T07:00:00Z,nodd,nodd
2026-09-29,charleston-sc,03,2026-09-29T07:00:00Z,293.04,0.46,2.2,0.0,2026-09-29T08:00:00Z,nodd,nodd
2026-09-29,charleston-sc,04,2026-09-29T08:00:00Z,292.79,0.58,2.44,0.0,2026-09-29T09:00:00Z,nodd,nodd
2026-09-29,charleston-sc,05,2026-09-29T09:00:00Z,292.29,0.25,2.06,0.0,2026-09-29T10:00:00Z,nodd,nodd
2026-09-29,charleston-sc,06,2026-09-29T10:00:00Z,291.54,0.19,1.7,0.0,2026-09-29T11:00:00Z,nodd,nodd
2026-09-29,charleston-sc,07,2026-09-29T11:00:00Z,291.46,0.31,2.07,0.0,2026-09-29T12:00:00Z,nodd,nodd
2026-09-29,charleston-sc,08,2026-09-29T12:00:00Z,292.01,0.77,2.23,0.0,2026-09-29T13:00:00Z,nodd,nodd
2026-09-29,charleston-sc,09,2026-09-29T13:00:00Z,294.58,1.25,2.95,0.0,2026-09-29T14:00:00Z,nodd,nodd
2026-09-29,charleston-sc,10,2026-09-29T14:00:00Z,296.96,0.71,2.72,0.0,2026-09-29T15:00:00Z,nodd,nodd
2026-09-29,charleston-sc,11,2026-09-29T15:00:00Z,299.08,1.04,1.91,0.0,2026-09-29T16:00:00Z,nodd,nodd
2026-09-29,charleston-sc,12,2026-09-29T16:00:00Z,300.65,2.19,3.3,0.0,2026-09-29T17:00:00Z,nodd,nodd
2026-09-29,charleston-sc,13,2026-09-29T17:00:00Z,301.36,2.72,4.17,0.0,2026-09-29T18:00:00Z,nodd,nodd
2026-09-29,charleston-sc,14,2026-09-29T18:00:00Z,301.51,3.41,4.89,0.0,2026-09-29T19:00:00Z,nodd,nodd
2026-09-29,charleston-sc,15,2026-09-29T19:00:00Z,301.25,4.83,5.48,,2026-09-29T20:00:00Z,nodd,
2026-09-29,boise-id,00,2026-09-29T06:00:00Z,287.18,1.74,2.54,0.0,2026-09-29T07:00:00Z,nodd,nodd
2026-09-29,boise-id,01,2026-09-29T07:00:00Z,286.16,0.51,1.38,0.0,2026-09-29T08:00:00Z,nodd,nodd
2026-09-29,boise-id,02,2026-09-29T08:00:00Z,285.18,0.89,1.44,0.0,2026-09-29T09:00:00Z,nodd,nodd
2026-09-29,boise-id,03,2026-09-29T09:00:00Z,284.41,0.88,1.16,0.0,2026-09-29T10:00:00Z,nodd,nodd
2026-09-29,boise-id,04,2026-09-29T10:00:00Z,283.35,1.82,1.82,0.0,2026-09-29T11:00:00Z,nodd,nodd
2026-09-29,boise-id,05,2026-09-29T11:00:00Z,282.6,1.25,1.25,0.0,2026-09-29T12:00:00Z,nodd,nodd
2026-09-29,boise-id,06,2026-09-29T12:00:00Z,281.44,0.0,0.28,0.0,2026-09-29T13:00:00Z,nodd,nodd
2026-09-29,boise-id,07,2026-09-29T13:00:00Z,281.1,1.02,1.02,0.0,2026-09-29T14:00:00Z,nodd,nodd
2026-09-29,boise-id,08,2026-09-29T14:00:00Z,280.84,1.45,4.99,0.0,2026-09-29T15:00:00Z,nodd,nodd
2026-09-29,boise-id,09,2026-09-29T15:00:00Z,283.35,0.96,5.14,0.0,2026-09-29T16:00:00Z,nodd,nodd
2026-09-29,boise-id,10,2026-09-29T16:00:00Z,286.96,0.0,5.25,0.0,2026-09-29T17:00:00Z,nodd,nodd
2026-09-29,boise-id,11,2026-09-29T17:00:00Z,290.15,2.16,3.07,0.0,2026-09-29T18:00:00Z,nodd,nodd
2026-09-29,boise-id,12,2026-09-29T18:00:00Z,292.18,2.29,4.21,0.0,2026-09-29T19:00:00Z,nodd,nodd
2026-09-29,boise-id,13,2026-09-29T19:00:00Z,293.89,3.71,6.34,,2026-09-29T20:00:00Z,nodd,
2026-09-29,little-rock-ar,00,2026-09-29T05:00:00Z,293.13,0.87,2.48,0.0,2026-09-29T06:00:00Z,nodd,nodd
2026-09-29,little-rock-ar,01,2026-09-29T06:00:00Z,292.18,0.21,3.31,0.0,2026-09-29T07:00:00Z,nodd,nodd
2026-09-29,little-rock-ar,02,2026-09-29T07:00:00Z,291.13,0.0,2.42,0.0,2026-09-29T08:00:00Z,nodd,nodd
2026-09-29,little-rock-ar,03,2026-09-29T08:00:00Z,290.99,0.12,2.93,0.0,2026-09-29T09:00:00Z,nodd,nodd
2026-09-29,little-rock-ar,04,2026-09-29T09:00:00Z,290.37,0.77,2.32,0.0,2026-09-29T10:00:00Z,nodd,nodd
2026-09-29,little-rock-ar,05,2026-09-29T10:00:00Z,289.67,0.0,2.02,0.0,2026-09-29T11:00:00Z,nodd,nodd
2026-09-29,little-rock-ar,06,2026-09-29T11:00:00Z,289.47,0.21,2.5,0.0,2026-09-29T12:00:00Z,nodd,nodd
2026-09-29,little-rock-ar,07,2026-09-29T12:00:00Z,289.22,0.81,2.66,0.0,2026-09-29T13:00:00Z,nodd,nodd
2026-09-29,little-rock-ar,08,2026-09-29T13:00:00Z,290.38,0.33,2.06,0.0,2026-09-29T14:00:00Z,nodd,nodd
2026-09-29,little-rock-ar,09,2026-09-29T14:00:00Z,293.67,1.77,1.77,0.0,2026-09-29T15:00:00Z,nodd,nodd
2026-09-29,little-rock-ar,10,2026-09-29T15:00:00Z,296.72,1.35,3.24,0.0,2026-09-29T16:00:00Z,nodd,nodd
2026-09-29,little-rock-ar,11,2026-09-29T16:00:00Z,300.5,1.98,3.36,0.0,2026-09-29T17:00:00Z,nodd,nodd
2026-09-29,little-rock-ar,12,2026-09-29T17:00:00Z,303.42,1.91,2.86,0.0,2026-09-29T18:00:00Z,nodd,nodd
2026-09-29,little-rock-ar,13,2026-09-29T18:00:00Z,304.99,1.55,2.47,0.0,2026-09-29T19:00:00Z,nodd,nodd
2026-09-29,little-rock-ar,14,2026-09-29T19:00:00Z,305.99,1.31,1.89,,2026-09-29T20:00:00Z,nodd,
2026-09-29,des-moines-ia,00,2026-09-29T05:00:00Z,289.65,1.66,4.57,0.0,2026-09-29T06:00:00Z,nodd,nodd
2026-09-29,des-moines-ia,01,2026-09-29T06:00:00Z,289.0,1.7,3.29,0.0,2026-09-29T07:00:00Z,nodd,nodd
2026-09-29,des-moines-ia,02,2026-09-29T07:00:00Z,289.11,1.19,3.83,0.0,2026-09-29T08:00:00Z,nodd,nodd
2026-09-29,des-moines-ia,03,2026-09-29T08:00:00Z,288.78,0.75,3.06,0.0,2026-09-29T09:00:00Z,nodd,nodd
2026-09-29,des-moines-ia,04,2026-09-29T09:00:00Z,288.2,1.04,1.63,0.0,2026-09-29T10:00:00Z,nodd,nodd
2026-09-29,des-moines-ia,05,2026-09-29T10:00:00Z,287.93,1.09,2.31,0.0,2026-09-29T11:00:00Z,nodd,nodd
2026-09-29,des-moines-ia,06,2026-09-29T11:00:00Z,287.9,1.24,2.07,0.0,2026-09-29T12:00:00Z,nodd,nodd
2026-09-29,des-moines-ia,07,2026-09-29T12:00:00Z,287.95,2.02,2.02,0.0,2026-09-29T13:00:00Z,nodd,nodd
2026-09-29,des-moines-ia,08,2026-09-29T13:00:00Z,288.48,1.87,2.42,0.0,2026-09-29T14:00:00Z,nodd,nodd
2026-09-29,des-moines-ia,09,2026-09-29T14:00:00Z,289.81,2.41,4.77,0.0,2026-09-29T15:00:00Z,nodd,nodd
2026-09-29,des-moines-ia,10,2026-09-29T15:00:00Z,292.22,2.83,6.41,0.0,2026-09-29T16:00:00Z,nodd,nodd
2026-09-29,des-moines-ia,11,2026-09-29T16:00:00Z,294.74,2.8,5.32,0.0,2026-09-29T17:00:00Z,nodd,nodd
2026-09-29,des-moines-ia,12,2026-09-29T17:00:00Z,296.2,2.8,8.96,0.0,2026-09-29T18:00:00Z,nodd,nodd
2026-09-29,des-moines-ia,13,2026-09-29T18:00:00Z,296.47,3.89,10.75,0.0625,2026-09-29T19:00:00Z,nodd,nodd
2026-09-29,des-moines-ia,14,2026-09-29T19:00:00Z,296.26,2.92,6.98,,2026-09-29T20:00:00Z,nodd,
2026-09-29,wichita-ks,00,2026-09-29T05:00:00Z,295.13,3.18,7.42,0.0,2026-09-29T06:00:00Z,nodd,nodd
2026-09-29,wichita-ks,01,2026-09-29T06:00:00Z,294.31,3.48,5.58,0.0,2026-09-29T07:00:00Z,nodd,nodd
2026-09-29,wichita-ks,02,2026-09-29T07:00:00Z,293.91,3.49,5.83,0.0,2026-09-29T08:00:00Z,nodd,nodd
2026-09-29,wichita-ks,03,2026-09-29T08:00:00Z,294.16,3.74,5.67,0.0,2026-09-29T09:00:00Z,nodd,nodd
2026-09-29,wichita-ks,04,2026-09-29T09:00:00Z,293.61,3.38,5.21,0.0,2026-09-29T10:00:00Z,nodd,nodd
2026-09-29,wichita-ks,05,2026-09-29T10:00:00Z,293.56,3.02,6.92,0.0,2026-09-29T11:00:00Z,nodd,nodd
2026-09-29,wichita-ks,06,2026-09-29T11:00:00Z,293.43,2.72,5.36,0.0,2026-09-29T12:00:00Z,nodd,nodd
2026-09-29,wichita-ks,07,2026-09-29T12:00:00Z,293.59,3.24,5.65,0.0,2026-09-29T13:00:00Z,nodd,nodd
2026-09-29,wichita-ks,08,2026-09-29T13:00:00Z,293.55,3.06,6.95,0.0,2026-09-29T14:00:00Z,nodd,nodd
2026-09-29,wichita-ks,09,2026-09-29T14:00:00Z,294.58,3.61,10.52,0.0,2026-09-29T15:00:00Z,nodd,nodd
2026-09-29,wichita-ks,10,2026-09-29T15:00:00Z,295.54,4.29,11.63,0.0,2026-09-29T16:00:00Z,nodd,nodd
2026-09-29,wichita-ks,11,2026-09-29T16:00:00Z,296.97,5.21,10.32,3.125,2026-09-29T17:00:00Z,nodd,nodd
2026-09-29,wichita-ks,12,2026-09-29T17:00:00Z,295.31,4.27,7.78,3.84375,2026-09-29T18:00:00Z,nodd,nodd
2026-09-29,wichita-ks,13,2026-09-29T18:00:00Z,295.02,3.14,10.34,2.34375,2026-09-29T19:00:00Z,nodd,nodd
2026-09-29,wichita-ks,14,2026-09-29T19:00:00Z,295.22,2.68,9.44,,2026-09-29T20:00:00Z,nodd,
2026-09-29,jackson-ms,00,2026-09-29T05:00:00Z,293.53,0.04,1.63,0.0,2026-09-29T06:00:00Z,nodd,nodd
2026-09-29,jackson-ms,01,2026-09-29T06:00:00Z,293.22,0.0,0.93,0.0,2026-09-29T07:00:00Z,nodd,nodd
2026-09-29,jackson-ms,02,2026-09-29T07:00:00Z,292.63,0.0,2.27,0.0,2026-09-29T08:00:00Z,nodd,nodd
2026-09-29,jackson-ms,03,2026-09-29T08:00:00Z,292.34,0.0,2.98,0.0,2026-09-29T09:00:00Z,nodd,nodd
2026-09-29,jackson-ms,04,2026-09-29T09:00:00Z,291.78,0.0,2.24,0.0,2026-09-29T10:00:00Z,nodd,nodd
2026-09-29,jackson-ms,05,2026-09-29T10:00:00Z,291.14,0.0,0.8,0.0,2026-09-29T11:00:00Z,nodd,nodd
2026-09-29,jackson-ms,06,2026-09-29T11:00:00Z,290.83,1.61,2.14,0.0,2026-09-29T12:00:00Z,nodd,nodd
2026-09-29,jackson-ms,07,2026-09-29T12:00:00Z,290.3,0.0,2.53,0.0,2026-09-29T13:00:00Z,nodd,nodd
2026-09-29,jackson-ms,08,2026-09-29T13:00:00Z,292.34,0.0,1.69,0.0,2026-09-29T14:00:00Z,nodd,nodd
2026-09-29,jackson-ms,09,2026-09-29T14:00:00Z,297.03,2.16,4.62,0.0,2026-09-29T15:00:00Z,nodd,nodd
2026-09-29,jackson-ms,10,2026-09-29T15:00:00Z,301.15,3.06,5.33,0.0,2026-09-29T16:00:00Z,nodd,nodd
2026-09-29,jackson-ms,11,2026-09-29T16:00:00Z,303.48,2.35,5.15,0.0,2026-09-29T17:00:00Z,nodd,nodd
2026-09-29,jackson-ms,12,2026-09-29T17:00:00Z,305.05,3.43,3.43,0.0,2026-09-29T18:00:00Z,nodd,nodd
2026-09-29,jackson-ms,13,2026-09-29T18:00:00Z,306.22,0.8,1.24,0.0,2026-09-29T19:00:00Z,nodd,nodd
2026-09-29,jackson-ms,14,2026-09-29T19:00:00Z,307.17,2.29,4.71,,2026-09-29T20:00:00Z,nodd,
2026-09-29,portland-me,00,2026-09-29T04:00:00Z,286.43,4.21,7.03,0.0,2026-09-29T05:00:00Z,nodd,nodd
2026-09-29,portland-me,01,2026-09-29T05:00:00Z,286.55,3.6,6.09,0.015625,2026-09-29T06:00:00Z,nodd,nodd
2026-09-29,portland-me,02,2026-09-29T06:00:00Z,286.5,3.83,7.22,0.0,2026-09-29T07:00:00Z,nodd,nodd
2026-09-29,portland-me,03,2026-09-29T07:00:00Z,286.67,4.69,7.36,0.03125,2026-09-29T08:00:00Z,nodd,nodd
2026-09-29,portland-me,04,2026-09-29T08:00:00Z,286.59,3.6,6.78,0.0,2026-09-29T09:00:00Z,nodd,nodd
2026-09-29,portland-me,05,2026-09-29T09:00:00Z,286.55,4.08,7.25,0.0,2026-09-29T10:00:00Z,nodd,nodd
2026-09-29,portland-me,06,2026-09-29T10:00:00Z,286.74,4.38,8.25,0.0,2026-09-29T11:00:00Z,nodd,nodd
2026-09-29,portland-me,07,2026-09-29T11:00:00Z,286.96,4.04,6.49,0.0,2026-09-29T12:00:00Z,nodd,nodd
2026-09-29,portland-me,08,2026-09-29T12:00:00Z,287.13,4.56,8.48,0.0,2026-09-29T13:00:00Z,nodd,nodd
2026-09-29,portland-me,09,2026-09-29T13:00:00Z,287.39,3.26,5.48,0.0,2026-09-29T14:00:00Z,nodd,nodd
2026-09-29,portland-me,10,2026-09-29T14:00:00Z,287.47,3.06,6.37,0.0,2026-09-29T15:00:00Z,nodd,nodd
2026-09-29,portland-me,11,2026-09-29T15:00:00Z,287.89,3.77,6.2,0.0,2026-09-29T16:00:00Z,nodd,nodd
2026-09-29,portland-me,12,2026-09-29T16:00:00Z,288.8,3.56,4.78,0.0,2026-09-29T17:00:00Z,nodd,nodd
2026-09-29,portland-me,13,2026-09-29T17:00:00Z,288.83,3.79,5.73,0.0,2026-09-29T18:00:00Z,nodd,nodd
2026-09-29,portland-me,14,2026-09-29T18:00:00Z,289.21,3.61,4.31,0.0,2026-09-29T19:00:00Z,nodd,nodd
2026-09-29,portland-me,15,2026-09-29T19:00:00Z,289.66,3.03,4.41,,2026-09-29T20:00:00Z,nodd,
2026-09-29,manchester-nh,00,2026-09-29T04:00:00Z,285.38,2.32,2.72,0.0,2026-09-29T05:00:00Z,nodd,nodd
2026-09-29,manchester-nh,01,2026-09-29T05:00:00Z,285.43,3.43,3.43,0.0,2026-09-29T06:00:00Z,nodd,nodd
2026-09-29,manchester-nh,02,2026-09-29T06:00:00Z,285.54,2.46,3.45,0.0,2026-09-29T07:00:00Z,nodd,nodd
2026-09-29,manchester-nh,03,2026-09-29T07:00:00Z,285.66,2.55,3.61,0.0,2026-09-29T08:00:00Z,nodd,nodd
2026-09-29,manchester-nh,04,2026-09-29T08:00:00Z,285.98,2.55,4.17,0.0,2026-09-29T09:00:00Z,nodd,nodd
2026-09-29,manchester-nh,05,2026-09-29T09:00:00Z,285.98,1.58,1.82,0.0,2026-09-29T10:00:00Z,nodd,nodd
2026-09-29,manchester-nh,06,2026-09-29T10:00:00Z,286.0,1.71,1.71,0.0,2026-09-29T11:00:00Z,nodd,nodd
2026-09-29,manchester-nh,07,2026-09-29T11:00:00Z,285.94,1.43,2.59,0.0,2026-09-29T12:00:00Z,nodd,nodd
2026-09-29,manchester-nh,08,2026-09-29T12:00:00Z,286.49,2.28,3.23,0.0,2026-09-29T13:00:00Z,nodd,nodd
2026-09-29,manchester-nh,09,2026-09-29T13:00:00Z,287.57,2.5,3.33,0.0,2026-09-29T14:00:00Z,nodd,nodd
2026-09-29,manchester-nh,10,2026-09-29T14:00:00Z,288.14,3.11,3.97,0.0,2026-09-29T15:00:00Z,nodd,nodd
2026-09-29,manchester-nh,11,2026-09-29T15:00:00Z,289.37,3.94,5.27,0.0,2026-09-29T16:00:00Z,nodd,nodd
2026-09-29,manchester-nh,12,2026-09-29T16:00:00Z,290.2,2.83,4.12,0.0,2026-09-29T17:00:00Z,nodd,nodd
2026-09-29,manchester-nh,13,2026-09-29T17:00:00Z,290.97,3.05,4.53,0.0,2026-09-29T18:00:00Z,nodd,nodd
2026-09-29,manchester-nh,14,2026-09-29T18:00:00Z,291.31,1.75,6.16,0.0,2026-09-29T19:00:00Z,nodd,nodd
2026-09-29,manchester-nh,15,2026-09-29T19:00:00Z,291.84,1.84,2.63,,2026-09-29T20:00:00Z,nodd,
2026-09-29,huntington-wv,00,2026-09-29T04:00:00Z,286.79,0.0,1.05,0.0,2026-09-29T05:00:00Z,nodd,nodd
2026-09-29,huntington-wv,01,2026-09-29T05:00:00Z,286.3,0.24,0.47,0.0,2026-09-29T06:00:00Z,nodd,nodd
2026-09-29,huntington-wv,02,2026-09-29T06:00:00Z,286.17,0.86,1.0,0.0,2026-09-29T07:00:00Z,nodd,nodd
2026-09-29,huntington-wv,03,2026-09-29T07:00:00Z,285.5,0.04,0.29,0.0,2026-09-29T08:00:00Z,nodd,nodd
2026-09-29,huntington-wv,04,2026-09-29T08:00:00Z,285.63,0.0,0.4,0.0,2026-09-29T09:00:00Z,nodd,nodd
2026-09-29,huntington-wv,05,2026-09-29T09:00:00Z,285.35,0.0,0.23,0.0,2026-09-29T10:00:00Z,nodd,nodd
2026-09-29,huntington-wv,06,2026-09-29T10:00:00Z,284.56,0.37,1.06,0.0,2026-09-29T11:00:00Z,nodd,nodd
2026-09-29,huntington-wv,07,2026-09-29T11:00:00Z,284.2,0.01,0.33,0.0,2026-09-29T12:00:00Z,nodd,nodd
2026-09-29,huntington-wv,08,2026-09-29T12:00:00Z,284.4,0.0,0.3,0.0,2026-09-29T13:00:00Z,nodd,nodd
2026-09-29,huntington-wv,09,2026-09-29T13:00:00Z,285.57,0.0,0.51,0.0,2026-09-29T14:00:00Z,nodd,nodd
2026-09-29,huntington-wv,10,2026-09-29T14:00:00Z,289.19,0.0,1.16,0.0,2026-09-29T15:00:00Z,nodd,nodd
2026-09-29,huntington-wv,11,2026-09-29T15:00:00Z,293.23,0.05,1.31,0.0,2026-09-29T16:00:00Z,nodd,nodd
2026-09-29,huntington-wv,12,2026-09-29T16:00:00Z,296.28,0.0,1.16,0.0,2026-09-29T17:00:00Z,nodd,nodd
2026-09-29,huntington-wv,13,2026-09-29T17:00:00Z,297.56,0.04,1.71,0.0,2026-09-29T18:00:00Z,nodd,nodd
2026-09-29,huntington-wv,14,2026-09-29T18:00:00Z,298.0,1.46,1.76,0.0,2026-09-29T19:00:00Z,nodd,nodd
2026-09-29,huntington-wv,15,2026-09-29T19:00:00Z,298.3,1.48,1.74,,2026-09-29T20:00:00Z,nodd,
2026-09-29,sioux-falls-sd,00,2026-09-29T05:00:00Z,290.2,4.23,4.72,0.0,2026-09-29T06:00:00Z,nodd,nodd
2026-09-29,sioux-falls-sd,01,2026-09-29T06:00:00Z,290.38,3.91,6.96,0.0,2026-09-29T07:00:00Z,nodd,nodd
2026-09-29,sioux-falls-sd,02,2026-09-29T07:00:00Z,290.65,4.63,5.58,0.0,2026-09-29T08:00:00Z,nodd,nodd
2026-09-29,sioux-falls-sd,03,2026-09-29T08:00:00Z,290.69,5.3,6.02,0.0,2026-09-29T09:00:00Z,nodd,nodd
2026-09-29,sioux-falls-sd,04,2026-09-29T09:00:00Z,290.76,5.34,9.85,0.0,2026-09-29T10:00:00Z,nodd,nodd
2026-09-29,sioux-falls-sd,05,2026-09-29T10:00:00Z,290.89,4.7,7.09,0.0,2026-09-29T11:00:00Z,nodd,nodd
2026-09-29,sioux-falls-sd,06,2026-09-29T11:00:00Z,290.89,5.14,8.43,0.0,2026-09-29T12:00:00Z,nodd,nodd
2026-09-29,sioux-falls-sd,07,2026-09-29T12:00:00Z,290.72,6.31,9.98,1.875,2026-09-29T13:00:00Z,nodd,nodd
2026-09-29,sioux-falls-sd,08,2026-09-29T13:00:00Z,290.02,4.34,8.67,0.46875,2026-09-29T14:00:00Z,nodd,nodd
2026-09-29,sioux-falls-sd,09,2026-09-29T14:00:00Z,289.95,3.41,4.51,2.3125,2026-09-29T15:00:00Z,nodd,nodd
2026-09-29,sioux-falls-sd,10,2026-09-29T15:00:00Z,289.94,4.51,10.88,6.40625,2026-09-29T16:00:00Z,nodd,nodd
2026-09-29,sioux-falls-sd,11,2026-09-29T16:00:00Z,290.44,4.37,7.89,0.4375,2026-09-29T17:00:00Z,nodd,nodd
2026-09-29,sioux-falls-sd,12,2026-09-29T17:00:00Z,290.41,3.76,5.22,0.0,2026-09-29T18:00:00Z,nodd,nodd
2026-09-29,sioux-falls-sd,13,2026-09-29T18:00:00Z,290.79,3.88,9.1,0.0,2026-09-29T19:00:00Z,nodd,nodd
2026-09-29,sioux-falls-sd,14,2026-09-29T19:00:00Z,292.62,4.34,6.09,,2026-09-29T20:00:00Z,nodd,
2026-09-29,fargo-nd,00,2026-09-29T05:00:00Z,291.42,6.04,10.37,0.0,2026-09-29T06:00:00Z,nodd,nodd
2026-09-29,fargo-nd,01,2026-09-29T06:00:00Z,291.66,6.98,10.16,0.375,2026-09-29T07:00:00Z,nodd,nodd
2026-09-29,fargo-nd,02,2026-09-29T07:00:00Z,291.32,7.5,11.88,1.28125,2026-09-29T08:00:00Z,nodd,nodd
2026-09-29,fargo-nd,03,2026-09-29T08:00:00Z,291.0,6.68,10.92,4.359375,2026-09-29T09:00:00Z,nodd,nodd
2026-09-29,fargo-nd,04,2026-09-29T09:00:00Z,290.78,4.99,9.19,0.25,2026-09-29T10:00:00Z,nodd,nodd
2026-09-29,fargo-nd,05,2026-09-29T10:00:00Z,290.31,4.0,10.93,0.03125,2026-09-29T11:00:00Z,nodd,nodd
2026-09-29,fargo-nd,06,2026-09-29T11:00:00Z,290.24,3.44,6.51,5.84375,2026-09-29T12:00:00Z,nodd,nodd
2026-09-29,fargo-nd,07,2026-09-29T12:00:00Z,290.29,3.88,9.0,5.78125,2026-09-29T13:00:00Z,nodd,nodd
2026-09-29,fargo-nd,08,2026-09-29T13:00:00Z,290.28,5.26,10.73,1.71875,2026-09-29T14:00:00Z,nodd,nodd
2026-09-29,fargo-nd,09,2026-09-29T14:00:00Z,290.75,7.84,11.78,0.0625,2026-09-29T15:00:00Z,nodd,nodd
2026-09-29,fargo-nd,10,2026-09-29T15:00:00Z,290.91,5.26,10.18,0.0,2026-09-29T16:00:00Z,nodd,nodd
2026-09-29,fargo-nd,11,2026-09-29T16:00:00Z,290.59,2.68,5.56,0.0,2026-09-29T17:00:00Z,nodd,nodd
2026-09-29,fargo-nd,12,2026-09-29T17:00:00Z,292.88,2.59,6.29,0.0,2026-09-29T18:00:00Z,nodd,nodd
2026-09-29,fargo-nd,13,2026-09-29T18:00:00Z,294.7,0.9,2.31,0.0,2026-09-29T19:00:00Z,nodd,nodd
2026-09-29,fargo-nd,14,2026-09-29T19:00:00Z,295.91,0.61,3.9,,2026-09-29T20:00:00Z,nodd,
2026-09-29,burlington-vt,00,2026-09-29T04:00:00Z,285.7,4.49,7.81,0.625,2026-09-29T05:00:00Z,nodd,nodd
2026-09-29,burlington-vt,01,2026-09-29T05:00:00Z,285.35,3.67,6.06,0.0,2026-09-29T06:00:00Z,nodd,nodd
2026-09-29,burlington-vt,02,2026-09-29T06:00:00Z,285.3,4.31,5.75,0.0,2026-09-29T07:00:00Z,nodd,nodd
2026-09-29,burlington-vt,03,2026-09-29T07:00:00Z,285.17,2.91,5.68,0.0,2026-09-29T08:00:00Z,nodd,nodd
2026-09-29,burlington-vt,04,2026-09-29T08:00:00Z,285.07,2.9,5.88,0.0,2026-09-29T09:00:00Z,nodd,nodd
2026-09-29,burlington-vt,05,2026-09-29T09:00:00Z,284.92,3.08,3.98,0.0,2026-09-29T10:00:00Z,nodd,nodd
2026-09-29,burlington-vt,06,2026-09-29T10:00:00Z,284.93,3.94,6.12,0.0,2026-09-29T11:00:00Z,nodd,nodd
2026-09-29,burlington-vt,07,2026-09-29T11:00:00Z,284.62,4.13,5.85,0.0,2026-09-29T12:00:00Z,nodd,nodd
2026-09-29,burlington-vt,08,2026-09-29T12:00:00Z,284.57,3.51,6.88,0.0,2026-09-29T13:00:00Z,nodd,nodd
2026-09-29,burlington-vt,09,2026-09-29T13:00:00Z,284.75,3.49,6.06,0.0,2026-09-29T14:00:00Z,nodd,nodd
2026-09-29,burlington-vt,10,2026-09-29T14:00:00Z,285.02,3.28,5.88,0.0,2026-09-29T15:00:00Z,nodd,nodd
2026-09-29,burlington-vt,11,2026-09-29T15:00:00Z,285.31,3.18,6.01,0.0,2026-09-29T16:00:00Z,nodd,nodd
2026-09-29,burlington-vt,12,2026-09-29T16:00:00Z,285.81,3.36,5.92,0.0,2026-09-29T17:00:00Z,nodd,nodd
2026-09-29,burlington-vt,13,2026-09-29T17:00:00Z,286.23,3.83,4.28,0.0,2026-09-29T18:00:00Z,nodd,nodd
2026-09-29,burlington-vt,14,2026-09-29T18:00:00Z,286.71,2.57,3.71,0.0,2026-09-29T19:00:00Z,nodd,nodd
2026-09-29,burlington-vt,15,2026-09-29T19:00:00Z,287.07,2.65,3.76,,2026-09-29T20:00:00Z,nodd,
2026-09-29,billings-mt,00,2026-09-29T06:00:00Z,285.25,4.35,4.35,0.0,2026-09-29T07:00:00Z,nodd,nodd
2026-09-29,billings-mt,01,2026-09-29T07:00:00Z,284.21,3.53,7.7,0.0,2026-09-29T08:00:00Z,nodd,nodd
2026-09-29,billings-mt,02,2026-09-29T08:00:00Z,283.65,5.21,6.82,0.0,2026-09-29T09:00:00Z,nodd,nodd
2026-09-29,billings-mt,03,2026-09-29T09:00:00Z,283.16,5.23,6.34,0.0,2026-09-29T10:00:00Z,nodd,nodd
2026-09-29,billings-mt,04,2026-09-29T10:00:00Z,282.6,4.16,6.49,0.0,2026-09-29T11:00:00Z,nodd,nodd
2026-09-29,billings-mt,05,2026-09-29T11:00:00Z,282.25,4.14,4.42,0.0,2026-09-29T12:00:00Z,nodd,nodd
2026-09-29,billings-mt,06,2026-09-29T12:00:00Z,281.62,4.16,6.27,0.0,2026-09-29T13:00:00Z,nodd,nodd
2026-09-29,billings-mt,07,2026-09-29T13:00:00Z,281.07,3.7,3.7,0.0,2026-09-29T14:00:00Z,nodd,nodd
2026-09-29,billings-mt,08,2026-09-29T14:00:00Z,281.87,3.99,3.99,0.0,2026-09-29T15:00:00Z,nodd,nodd
2026-09-29,billings-mt,09,2026-09-29T15:00:00Z,283.96,4.39,6.32,0.0,2026-09-29T16:00:00Z,nodd,nodd
2026-09-29,billings-mt,10,2026-09-29T16:00:00Z,288.14,4.59,7.01,0.0,2026-09-29T17:00:00Z,nodd,nodd
2026-09-29,billings-mt,11,2026-09-29T17:00:00Z,292.19,5.79,10.77,0.0,2026-09-29T18:00:00Z,nodd,nodd
2026-09-29,billings-mt,12,2026-09-29T18:00:00Z,294.59,6.83,11.18,0.0,2026-09-29T19:00:00Z,nodd,nodd
2026-09-29,billings-mt,13,2026-09-29T19:00:00Z,296.26,6.52,10.76,,2026-09-29T20:00:00Z,nodd,
2026-09-29,cheyenne-wy,00,2026-09-29T06:00:00Z,284.61,1.97,2.94,0.0,2026-09-29T07:00:00Z,nodd,nodd
2026-09-29,cheyenne-wy,01,2026-09-29T07:00:00Z,284.43,1.69,2.37,0.0,2026-09-29T08:00:00Z,nodd,nodd
2026-09-29,cheyenne-wy,02,2026-09-29T08:00:00Z,284.38,2.24,2.55,0.0,2026-09-29T09:00:00Z,nodd,nodd
2026-09-29,cheyenne-wy,03,2026-09-29T09:00:00Z,284.34,1.67,2.32,0.03125,2026-09-29T10:00:00Z,nodd,nodd
2026-09-29,cheyenne-wy,04,2026-09-29T10:00:00Z,284.69,1.97,2.69,0.0,2026-09-29T11:00:00Z,nodd,nodd
2026-09-29,cheyenne-wy,05,2026-09-29T11:00:00Z,284.76,1.78,2.44,0.0,2026-09-29T12:00:00Z,nodd,nodd
2026-09-29,cheyenne-wy,06,2026-09-29T12:00:00Z,283.9,2.81,3.06,0.0,2026-09-29T13:00:00Z,nodd,nodd
2026-09-29,cheyenne-wy,07,2026-09-29T13:00:00Z,283.7,2.15,3.12,0.0,2026-09-29T14:00:00Z,nodd,nodd
2026-09-29,cheyenne-wy,08,2026-09-29T14:00:00Z,285.03,1.88,3.96,0.0625,2026-09-29T15:00:00Z,nodd,nodd
2026-09-29,cheyenne-wy,09,2026-09-29T15:00:00Z,286.3,2.55,6.32,0.0625,2026-09-29T16:00:00Z,nodd,nodd
2026-09-29,cheyenne-wy,10,2026-09-29T16:00:00Z,287.63,3.93,5.87,0.0,2026-09-29T17:00:00Z,nodd,nodd
2026-09-29,cheyenne-wy,11,2026-09-29T17:00:00Z,289.38,2.86,3.27,0.0,2026-09-29T18:00:00Z,nodd,nodd
2026-09-29,cheyenne-wy,12,2026-09-29T18:00:00Z,291.43,1.92,4.19,0.0,2026-09-29T19:00:00Z,nodd,nodd
2026-09-29,cheyenne-wy,13,2026-09-29T19:00:00Z,292.57,2.94,4.61,,2026-09-29T20:00:00Z,nodd,
