# The fifty most populous incorporated places of the lower 48 states, one row each.
# Population: Census Bureau Vintage 2024 estimates, sub-est2024.csv (SUMLEV 162, POPESTIMATE2024),
#   https://www2.census.gov/programs-surveys/popest/datasets/2020-2024/cities/totals/sub-est2024.csv
#   retrieved 2026-09-27. Alaska, Hawaii and Puerto Rico are outside the CONUS analysis grid and excluded.
# Position: the place's internal point from the Census 2024 Gazetteer, 2024_Gaz_place_national.zip (file dated 2024-08-21),
#   https://www2.census.gov/geo/docs/maps-data/data/gazetteer/2024_Gazetteer/2024_Gaz_place_national.zip
#   retrieved 2026-09-27. One override, carried in the note column.
# Zone: the IANA time zone from api.weather.gov /points at that position, read 2026-09-27.
# id is the slug of the short display name and the two-letter state; geoid is the Census place code.
id,name,state,geoid,pop2024,lat,lon,tz,note
new-york-ny,New York,NY,3651000,8478072,40.662712,-73.938677,America/New_York,
los-angeles-ca,Los Angeles,CA,0644000,3878704,34.019394,-118.410825,America/Los_Angeles,
chicago-il,Chicago,IL,1714000,2721308,41.837045,-87.684939,America/Chicago,
houston-tx,Houston,TX,4835000,2390125,29.785743,-95.388806,America/Chicago,
phoenix-az,Phoenix,AZ,0455000,1673164,33.572154,-112.090132,America/Phoenix,
philadelphia-pa,Philadelphia,PA,4260000,1573916,40.009376,-75.133346,America/New_York,
san-antonio-tx,San Antonio,TX,4865000,1526656,29.462809,-98.524635,America/Chicago,
san-diego-ca,San Diego,CA,0666000,1404452,32.814977,-117.135562,America/Los_Angeles,
dallas-tx,Dallas,TX,4819000,1326087,32.793333,-96.766513,America/Chicago,
jacksonville-fl,Jacksonville,FL,1235000,1009833,30.336864,-81.661603,America/New_York,
fort-worth-tx,Fort Worth,TX,4827000,1008106,32.781954,-97.348573,America/Chicago,
san-jose-ca,San Jose,CA,0668000,997368,37.296011,-121.814552,America/Los_Angeles,
austin-tx,Austin,TX,4805000,993588,30.298622,-97.754134,America/Chicago,
charlotte-nc,Charlotte,NC,3712000,943476,35.209045,-80.830990,America/New_York,
columbus-oh,Columbus,OH,3918000,933263,39.983938,-82.984882,America/New_York,
indianapolis-in,Indianapolis,IN,1836003,891484,39.776664,-86.145935,America/Indiana/Indianapolis,
san-francisco-ca,San Francisco,CA,0667000,827526,37.779300,-122.419300,America/Los_Angeles,Census internal point lies in the Pacific because the Farallon Islands belong to the city; represented by City Hall
seattle-wa,Seattle,WA,5363000,780995,47.619335,-122.351538,America/Los_Angeles,
denver-co,Denver,CO,0820000,729019,39.761850,-104.881105,America/Denver,
oklahoma-city-ok,Oklahoma City,OK,4055000,712919,35.467079,-97.513657,America/Chicago,
nashville-tn,Nashville,TN,4752006,704963,36.171800,-86.785002,America/Chicago,
washington-dc,Washington,DC,1150000,702250,38.904247,-77.016517,America/New_York,
el-paso-tx,El Paso,TX,4824000,681723,31.847780,-106.431106,America/Denver,
las-vegas-nv,Las Vegas,NV,3240000,678922,36.233499,-115.264037,America/Los_Angeles,
boston-ma,Boston,MA,2507000,673458,42.338551,-71.018253,America/New_York,
detroit-mi,Detroit,MI,2622000,645705,42.383037,-83.102237,America/Detroit,
louisville-ky,Louisville,KY,2148006,640796,38.165376,-85.647377,America/New_York,
portland-or,Portland,OR,4159000,635749,45.536951,-122.649971,America/Los_Angeles,
memphis-tn,Memphis,TN,4748000,610919,35.109164,-89.968511,America/Chicago,
baltimore-md,Baltimore,MD,2404000,568271,39.300032,-76.610476,America/New_York,
milwaukee-wi,Milwaukee,WI,5553000,563531,43.063348,-87.966695,America/Chicago,
albuquerque-nm,Albuquerque,NM,3502000,560326,35.104780,-106.646809,America/Denver,
tucson-az,Tucson,AZ,0477000,554013,32.153036,-110.870773,America/Phoenix,
fresno-ca,Fresno,CA,0627000,550105,36.782684,-119.793359,America/Los_Angeles,
sacramento-ca,Sacramento,CA,0664000,535798,38.567694,-121.468161,America/Los_Angeles,
atlanta-ga,Atlanta,GA,1304000,520070,33.762909,-84.422675,America/New_York,
mesa-az,Mesa,AZ,0446000,517151,33.400626,-111.716487,America/Phoenix,
kansas-city-mo,Kansas City,MO,2938000,516032,39.125155,-94.550313,America/Chicago,
raleigh-nc,Raleigh,NC,3755000,499825,35.831868,-78.641042,America/New_York,
colorado-springs-co,Colorado Springs,CO,0816000,493554,38.867255,-104.760749,America/Denver,
omaha-ne,Omaha,NE,3137000,489265,41.262705,-96.053475,America/Chicago,
miami-fl,Miami,FL,1245000,487014,25.775163,-80.208615,America/New_York,
virginia-beach-va,Virginia Beach,VA,5182000,454808,36.779525,-76.029142,America/New_York,
long-beach-ca,Long Beach,CA,0643000,450901,33.780791,-118.168180,America/Los_Angeles,
oakland-ca,Oakland,CA,0653000,443554,37.769846,-122.225690,America/Los_Angeles,
minneapolis-mn,Minneapolis,MN,2743000,428579,44.963324,-93.268320,America/Chicago,
bakersfield-ca,Bakersfield,CA,0603526,417468,35.353171,-119.037919,America/Los_Angeles,
tulsa-ok,Tulsa,OK,4075000,415154,36.127949,-95.902316,America/Chicago,
tampa-fl,Tampa,FL,1271000,414547,27.970086,-82.479673,America/New_York,
arlington-tx,Arlington,TX,4804000,403672,32.700708,-97.124691,America/Chicago,
